OXOX X XOOX O X ,0
XXOXOOXOXOXXOXO ,0
  X OXOOX OXOOXX,1
OOXOXXOXXOXXOOXO,1
OXO XXOXOXOOXOXX,0
XXXXOXOXOOOOOXOX,1
OX XOXOX  XOOOXX,0
XX OOXOXXXOOXO  ,0
XXX OXOOX O X  O,0
XXXOXOOOOXXOXOOX,1
XO XXXO OX OXOOX,0
XXO OX  OXOOOXXX,0
O XXO XOX X  OXO,0
OXXXXO OX OXOOOX,1
XO XOOOO O X XXX,1
O X OXO  XXO OXX,0
OXOX  X XXOXXOOO,0
X X OXO X O X  O,0
OOXO XO X OOXXXX,0
XXXOXXOXOXOOOOOX,1
XOOOOXX  XOXXXOO,1
XXXXXOXOOOXOXOOO,1
XX XOOXX XXOOOOO,1
XOOXXOXXOXXXOOOO,1
XX XXO OX OOOOX ,1
OOX OOX XOXX  X ,0
  X X O  XOOOOXX,1
XOXOOXXOOXXX OOX,0
XXXOXXXXOOXOOOOO,1
XOXXOXOXXOXXOOOO,1
OOXOXOXXXXXOOOX ,0
XXXO X XOXOOOOOX,1
OXOXXOX OXXXOOXO,0
XXOXOOXOOXOX XOX,0
OXOXXX OOXXOXO  ,0
XXOXX OO OXOOX  ,1
XXXXO X OXOOOOXO,1
 OX OX  XOOOX XX,0
XO   XOOOOXXX OX,1
 XXOOXX   XOOXO ,0
OXOOOOXXXOOXOXXX,1
XOXXOXOOXXOXOOOX,1
XOOOXXOXXOOXOXXO,1
XO O  OXOOXOX XX,1
OOXOOOXXXXXX XOO,0
XXXOXOXX OOXOOOX,0
OOXOOOXXXXOX   X,0
 XOXX O XX OOXO ,0
OOXX  OXXOOXOX X,0
OOOOOXXXXOOXXOXX,1
OXOOOOXOXX XOX X,1
XOOXXOOOXXOX XOX,0
XOXOXXXXXXOOOOOO,1
XXOXOXOXXOOOOOXX,1
OOOOXXOXOXXXOOXX,1
OXXOOXOXOOXXXOOX,1
OOXOOOOX  XXXXXO,1
OXOXOOXX OOXOXXX,0
OXXOXXOOOXX XXOO,0
XXOOXXOOOXO XOXX,0
 XXXXXOXOOOOO XO,1
OXXOXO OXOXOXOXX,0
  OOOOX XXX  XO ,1
XOOXXXXOXOOOOXOX,1
XO OXXXOXXO X OO,0
 XXXOXX OXOOOOOX,1
OXOXXXO XOXOXOXO,0
  XOOXOOXX  X OX,0
O X  X  OX OX OX,0
XOX XXXOOXOOXXOO,0
 OOXXXOX XXO XOO,0
OOOOXXXXOOXOXXOX,1
XXOXXXXOOXXOOOOO,1
OXXXXOOXOXOX OXO,0
 X  XOOOOX X    ,1
XXX X OOOO OXOX ,1
XX OXX O XXOOOXO,0
XXXOOXOOXOXXOXOO,1
XOOOOXX OXXX OXO,1
OXXOOXX XOO XX O,0
OXXO OXXXO XO XO,0
OOOXO OX XX XX  ,0
OOX OX   X O XX ,0
XOOXX OX  OX OX ,0
OOOOO X XXX X OX,1
 OOX OX OXX  XXO,0
 XXOOOXXXXXOOXOO,0
O OO O  OXXOXXXX,1
O XXOXOO XXXOXO ,0
OOOXXXXXXOO XOOX,0
O X OOOOX  XX  X,1
XXXOXOOO OOXO XX,1
OXX  X   X OOXO ,0
X XOOOXXXXOXXOOO,0
 OX XX  X XOXOOO,0
XXXOOOXOOXOXX XO,0
OX O  OXXO XO X ,1
 XO  X OOX  X OX,0
XXXXXXOOOO OXO O,1
XOOOXXOXXOOXOOXX,1
XXOOXXXXOOOOOXOX,1
O  XXOOXO XXXXOO,0
O X  XXOXOXXOXOO,0
 OOXOXOO XXXXXOO,1
XOOXXXOOXOO XXXO,0
 OOXOXOO XXOOXXX,1
 XXXOOXOOOOXXOX ,1
OXOXOOXXXOOOXOXX,1
XOOXX OXOXXOXOOX,0
 XXXXX OOXOOOX O,0
XOXXOXO OXOO XX ,0
 X OXOOOXXXXO XO,0
XXOOOOX  X  OXXO,1
XOXXOOOOXOOXXXXO,1
OOX  OO XXOOXX X,1
XXOOXXXXOOOOOXXO,1
X O XXOXXOXOXOO ,0
XOOXOOXXXXXO XOO,0
OOOOXXXXOXOOXOXX,1
XOX OOXXOOX O XX,0
OOOXX OX  OXOXXX,0
OXX OOXXXOOXOXXO,0
OOOXXX XXX OOOOX,1
XO OXX   X XXOOO,0
O X  XX  XOOOO X,1
XXOOOXXXOXOXXOO ,0
XXXXO OOOOX     ,1
OOXXOXXXOX OXOOX,0
OOOOXO XX   XOXX,1
XXOXOXXOOOOXXOOX,1
XX OOXOO XX X O ,0
OOXXXOX OXOOX X ,0
XOXOOXOXXO  OXOX,1
XOX OXXXOOXOXOXO,0
XXO X XOOOOXOX  ,1
OOX  OXXOXXXOXO ,0
 XXXOXOOO OXOOXX,1
OXOOOOXOXOOXXXXX,1
XXXOOOXOXOOXOXXO,1
OOXXXXOOOOXXOXXO,1
O XOXXXXOOXOOXXO,0
XXOOOOO XXXOX XO,1
X XX  OOOO O X X,1
XXOOOXX  XXOOXO ,0
OOOOXXOXXXOXOXXO,1
OOXXXOOXXXOOOXXO,1
X XOXOO XO  X   ,0
O OX X X OXO X  ,0
OOXOXOXXOXOXXXO ,0
 XO XO OXO XXXO ,0
OOXOXOXX X X OXO,0
  OX  XO XOXX  O,0
  OOXO  O XX X  ,1
XXOXXOOXXOXOOOOX,1
XXXOOX XOXOOOXXO,0
X XX X OXOOOOXO ,1
OXOOXXX XOOXXOXO,0
OXOOOX OXXXX  OX,0
OOXOXXO OO XXXOX,1
OOXXXOOXXXOXXOOO,1
X XXOOXOOXOXOXOX,0
OXX XX O XO X OO,0
XO XXXOXOOXOXXOO,0
OXOOXXOXXX XXOOO,0
XOOOXXOXOXOXOXX ,0
OXOXXOOX OOXXXOX,0
XXOOXO  OX X O  ,1
XX   X OOOO X OX,1
OOOOOOOXXXXOXXXX,1
XX X  OXOOXOO X ,0
XOOXXOOOXX XOXXO,0
OXX X XOOXX XOOO,0
OO XXO XX XXOOXO,0
X O XXXOXOX OOXO,0
XX X XOXOOXOXOOO,1
OXOO XXOOOXOXXXX,0
OOX O XXX XXOXOO,0
XXOOXXOOOXXXOXO ,0
XXXXOOOXOOXXXOOO,1
XXX OOXXOOOXXOOX,0
XOOXXOOXO XXXOOX,0
XOOOOXXOXXXOXOOX,1
OXX OXO X O X   ,0
XXXOOO OXOO XOXX,1
  XX OOX O XO X ,0
 OXXOXOOOXXX  XO,0
XXOOXXOXXOOOOXXO,1
 X  X O XOO XOX ,0
 X X OO OXOO XX ,1
XXOXOOXXXOOXXOOO,1
X XOOOX OXX XOXO,0
 X X XOOXXOO X O,0
 XOXOOXOOXX OXX ,0
XXOXXXOXOXOXOOOO,1
XXOOXXXOXOXXOOOO,1
O  X   X  OX  XO,0
OOOOXOXOXX XOXX ,1
OXXXOXXOOXXOOOOX,1
OOOXOOX XXXOOXXX,0
O O  XXO XOXOOXX,1
 OOXXOXXOXOOOXXX,0
XOOXO XOXXOXXOXO,0
XXXXOOOOXOOXXOXO,1
X OXOXX XOOXOXOO,1
XOXXOOXOXXXOOOOX,1
X X OX   X OXOO ,0
X OXOOXXOXXOXOOX,0
XOOX  XXXOXO XOO,0
XXOXOXXOXOX OXOO,0
XXOXXOOXOXOO  OX,1
XOOXXXXOOOOX X O,1
OXOXXOXOX XOXOOX,0
 XX  XXOOOO XXOO,1
XXOXOOXX OOXOXXO,0
XX XXXO OO  XOOO,1
XOXXOO XOO XXOX ,0
XOXOXOXXOO XOOXX,0
OXOOXOXXOXXOOXXO,1
O XOOOXOXXXXXXOO,0
OOOOXOOXXXXXXOOX,1
XOXOOXXXX OOXOOX,0
OOOOXXXOXXOXXOOX,1
 X OOOO XOOXXX X,1
 OOX O X XOXX XO,0
XXXO OXXOOXXOXOO,0
XXXOO XOOXXXOOOX,0
XOOXOOOXXXXO OXX,0
 X OOOOXX  XOXXO,1
OOOOOXXXOXXXXOXO,1
X OOXXOXOXOXOOX ,1
O XOOOXXXXXOXOOX,0
OOX  XXOXO XX O ,0
XXXOOXXXXOOXOOOO,1
OXXOOX OXXOOXOXX,0
XOOOXX OX  OX  X,0
OOOXXXXXXX OOXOO,0
XXXOOXOOXOXOOOXX,1
OX OXXXOOXXOOXOX,0
OOXXXOOOOOXXXOXX,1
OXXXXOO XXOOOXXO,0
XX OXX OOOO OXX ,1
XXXOX OX XO OOO ,1
OOXXXXXOXOOOOXOX,1
XOXOOXXO OXOXXOX,0
XOOXXXOXOX XOXOO,0
 XOXO OX   XOXOX,0
XXOOOOOXXXO  XOX,1
X O XXXXXOOXOOOO,1
OOOXOOXOXOOXXXXX,1
X  O OOXOXX O  X,1
XXOXXOOXOOXOXX O,0
O XX  X OXOOX OX,0
XOOOOOXXXXXOXOXO,1
XOXXXOOOXXO XXOO,0
OOXXX XOOXOXOXOX,0
OOOXXOXOXXOX XXO,0
OOOXX XO XX OXOX,0
O XO OOOOXXXXOXX,1
OXOXOXOOXOXXOOXX,1
X X XXOOXOXOXOO ,0
 OOXOO XOXX XXXO,0
XOXOXOXOXOO XXOX,0
 XOOXOOOXOXXO XX,1
XOXXOOOXXXOXXOOO,1
OOOXXOOOXXX X XO,1
XXX OOX OOX OXOX,0
XOOXXOO XOXOXXXO,0
  OXX XOOXOXXOXO,0
XXOXXXOO XOXXOOO,0
 X OOXXOOX OXXXO,0
OOOXXOOXXX XOOXX,0
XXOOXOXOXXXOOOOX,1
 OX OX   XOX XO ,0
OOOXXOOO XX XXOX,1
OXOXXOXXXOXOXOO ,0
XX OOXOXOXOOOXXX,0
X XOOXOO XX  OX ,0
 OXOX XX OOXXOOX,0
 OOXXXXXOOXOOXXO,0
OXXOOOXX XOX  XO,0
OOXOXOXXOOOXX XX,0
 XOXOOXO  X XXO ,0
   XO  XOOXX  OX,0
XOOOOXOXXOXXXOOX,1
XXOXXXOXOXXOOOOO,1
OOXX XOXOOXXOOXX,0
OOXXXOOXOOXXOX X,0
 O O XOXXXOXOO X,1
  XX  OXO X O XO,0
OXOOOOXXXXXOOOXX,1
 OX X  XOOXXXOOO,1
XOXOOXXOO XOXOXX,0
XOOXXXXO XOOXOXO,0
XXOXOXOOXOOXOXXO,1
OOXXXXOOXXOXOOOX,1
 XOOOOXXX  OOX X,1
X O XXXOXXO OXOO,0
OXXXOXXOOOO X OX,1
OXXOXOOXOXXOOXOX,1
OXXOOOXXXXXOOXO ,0
XOXOOOOXO O XXXX,1
  XX O XXOOX OXO,0
XO OXXO XO XXOOX,0
OOOOXXXOXOXOXOXX,1
O X XO XXOOOOXX ,1
 OOXOXXOXXXOOXOX,0
OOX XXOOOOXXXX O,1
XOXOXOXXOOXOXXO ,0
OOXXOXOXXX OXXOO,0
OXOOOXX OX OXX X,0
 XXXOOOOXO XXOOX,1
X   XX XOOOOOOXX,1
O XO  X X X  XOO,0
OXOXXO OXOXXXOXO,0
OOOXX X XX O X O,0
XXOOX  XXX  OOOO,1
X OXOXOXOOXOXXXO,0
XXXXOOOXOOXOO XX,0
OOXOXOOXXXOOXOXX,1
XOX OOXOXXOXXO  ,0
OOXOOOOXXOXXXX  ,1
OOOO   XOX XXX  ,1
X OOXO OXX OXOXX,0
OXOOOXOXXX XOXXO,0
XOOXXX O XO XOOX,0
OXXOXXOOXXXXOOOO,1
XOXXXXOX OOOOOX ,1
XXOXOOXO XXXOOOX,0
OXOOOOXXX  XXOOX,1
 OXX OXOXX   XOO,0
XOXOXXXOXXOXOOOO,1
XOXX   XXOO OXOO,1
OXXXXXOOOXXXOOOO,1
XOX OXXXOXOO X O,0
OXXOOXXXOOOOXXOX,1
OXOXOOXXXXOOOX X,0
XXOXXOOOOXXXOOOX,1
  X  OXX OXOOOXX,0
OXOOOOXOXXOXOXXX,1
XXO XO OOOOXXX  ,1
XOOOXOOXOXXOXOXX,1
OXO XXOXOXXXOOXO,0
XOXOXOOXO XOXOX ,1
XXOXOXOXO OXXOXO,0
O OXXO XOXX XXOO,0
OXXXOO XOOXOXXOX,0
OXOOXXOOXOXXOOXX,1
OOOXXXOXXOOXXXOO,1
OX OX XXXOOOOXXO,1
OX  OOOO  X  XXX,1
OXXOXXOOXXXXOOOO,1
 X O OO OXX  X  ,1
OXOOXXXX XOXOOXO,0
OXOOOOXX X  OX X,1
OOXXOOOOXXXOXOXX,1
O  O XOXOO XX X ,1
OXXO XOOXXOXOXXO,0
XOOOXO  OXO X XX,1
OOOOOXXOXOXXXOXX,1
XXOO OXXOXOOXOX ,1
XO X OX XOX OXO ,0
OXOOXOXXO OXXXO ,1
 X O XOXXOO OXOX,1
OOOX XXX XXOOOX ,0
XXO OX XOXOOX OX,0
 X OXXOX XOOOXOX,0
XOOO O  O X X XX,1
 XOOXXXX OXOOOX ,0
X OXOOXOXOXOXOXX,0
OXXXOXOXOOXO XXO,0
 X  X   X O XO O,0
OO XOXX XOXXXOO ,0
O OOOO X  X  XXX,1
OXOXXXXXOOOXO XO,0
XXOOOXXOXOOXOOXX,1
XOXOOOOXXXOOOXXX,1
 XOOOO   XO XX X,1
  XXOX O OOXO X ,1
OXXXXOXOOXOXOOXO,1
OX OXXXXOXXOOXOO,0
XXO XOOXO OOXOXX,1
XX XOO XOOOO X X,1
XOO  OXOXOOXOXXX,1
XXOOOOOXXOXOXX  ,1
OOOOOOXXXXXOOXXX,1
OXOOXOXXOOXXOOXX,1
XXOX OOXXXXOOOO ,1
OOXO XXX XOXOOX ,0
X O XX  X   XOOO,0
XOXOXOOOOXXXXXOO,1
 X  XXOOXOO X   ,0
OX X  XXXXOOXOOO,0
OXOOXOX O XXOXXO,1
 XXOXXXOOOO XOXO,1
XX X XXO OOOOX O,1
 O OX O XOXXO X ,1
X   OOOOX OOXXXX,1
 XX XOOOOOX   X ,1
OX   XO XXO XOXO,0
OOX OXXXX  OX  O,0
XXOXXXOXXOOOOXOO,1
OXOXXOXX OXOXOXO,0
XOXXOXOOOXXXOO X,0
XOOXOXOXOOXOX XX,0
O  OXXOXXXXXOOOO,1
OOXXOOXOXOXXX OX,0
OO XXOXOOOOXXX X,1
OXO XXXOO XO XOX,0
XXOXOXOOXXXXOOOO,1
XOXXXOXOX OOXO  ,0
XOO XXXOXXOOOXOX,0
X OXX XOXOXO XOO,0
O XX  OXOOXXXOOX,0
OXXOOOXXXXXOOOOX,1
OX XOX  XO  X O ,0
XXXXOOOOXXOXXOOO,1
 X OXO XXO  X  O,0
XXOOOXO XXOOOXXX,0
OOOOXXXXXXOXOOXO,1
X XXX   OXXOOOOO,1
OX OXOX X  OXX O,0
OOXOOXXXOO XXXOX,0
O OOOOX  X XXOXX,1
OOXOOXXOOXXXOXX ,0
O OXXXXXO  XOOOX,0
XXOXXOXOOXOXX OO,0
 XXO OXO OXX  XO,0
XXXO XOX   XOOOO,1
XOXXOXOXOOOOOXXX,1
 OOXX XOXXXOXO O,0
XX XXOXX OOXOOOO,1
 OXXO XXOOX OXXO,0
XXOX OXOXXOOXXOO,0
XXOXOOOOO XXX OX,1
OOXOOXOXOO XX XX,1
 OXXXOX  XOOX  O,0
OOOXX OOXXO XXOX,1
 X X OXX O XOOOX,0
OXOX OOXOXXXOXOX,0
XOOXOOXOXXX XOXO,0
 XOXXOOOXOXXOO X,1
OOOXXOXXO XOXXOX,0
 OOXXXXOOOO XXOX,1
XOXOXOXOXOOOOXXX,1
XOOXXXOXOOOX XOX,0
OOOOXXXOXOXXXOOX,1
XOXOXXOXOOXXOOOX,1
X OOOOXO  X OXXX,1
O OOXOXXO  XX OX,1
 O XXXOXOOXXXOOO,1
OXOOOOX  XXXO  X,1
 OXOXOXOXOX  XOX,0
OOXXXXOOOOXXOXOX,1
XX O  XX OOXOXOO,1
 OOXOXOOXOX XOXX,1
X XXXOOO XOXOO  ,1
XOOXOXX XOXXOXOO,0
 OXOXOX  OXX OX ,0
XXXOX OOXO OOXOX,1
XXOX OOOOXOOX XX,1
XXOXXOXXOOOOXOXO,1
OOOOXOO XXXXOXX ,1
 X OOX XOX OXXO ,0
OXXOXOXOXOOXXOX ,0
XOX OXO  XXO X O,0
OXOO XX OOXO XXX,0
OOXOXOXXXO XOXOX,0
XXOOXOXOXX OXOXO,0
XXOOOXOXOXXXOX O,0
X X XOOOOXO   X ,1
XXXOOOOXOXXOXOXO,1
O   XXXO OOXOXXO,1
  OX  X XX O XOO,0
XXOOXXOXXOXOXOO ,0
O  XOXXXO XO  XO,0
XOXX  XO XX OOOO,1
XXOOXXXOXOOXOXOO,1
XXOOXXO OOOXXX O,1
 OXOOXOXOX XXXO ,0
OOOOO  OX XXX XX,1
XOXO X  OXX X OO,0
XOOOOXOXXOXOXXOX,1
OOOXOOXXXXX OOXX,0
X XXXXOOOOXOOOX ,1
XX O XX OXOOOO X,1
XXX OOOOXO X  OX,1
O X OXOX X OXOX ,0
O OXOXOXOXOXXXOX,0
OXXX XXXOOOOXO O,1
XXXOXXOOOXXOOOX ,0
XOXO OX X X OXO ,0
OOXX OOXXOXX XO ,0
XOXXXOXOXXXOOOOO,1
OOOOXX XXOXXOOX ,1
XOOXOOX OXXXXXOO,0
OOOX  X  XOX X  ,0
XOXOXOXOO XXXOXO,0
XOOOXOXXXXOXO XO,0
OXXOOXOXOOXOXOXX,1
 O X OXO XOOX XX,0
 XXXXOOO XOXOOXO,1
OOO  XOOXOXXXX  ,1
 X O XO XOX O   ,1
XOOXO  XO OXOXXX,0
OOXOXXOXXXOOOX X,0
 OX X X  OOOO XX,1
XOOXOXOOOXXOOXXX,1
O  X   XOXX OX O,0
OXXX OOXXOXXOOOX,0
OXXOXOOXOXOXOXOX,1
 XO XOOOO XXXO X,1
  XXOOXOOXXO OXX,0
X XXXOOOXO OXO X,0
  OXOOXX OX XOX ,0
 OOOOOOXX XXOXXX,1
XXXXXOXO O OOOOX,1
XXOXXOOOXXXOOOOX,1
XOXXXOXOXOO OO X,1
OXOXX XO OXXOO X,0
 X  OXO XOOXXXO ,0
 OX  OXXXXOOOO X,1
 XOOXXXXXOXOOOO ,1
XOOOX O XXXXOO X,0
OXOX X   X  XO O,0
XOOXXOXOX OOXOXX,0
OO X X XOO XOXX ,0
OOOOXOOXXXOXXXOX,1
OOXXXOOOX XOXO X,1
OXX  OOOOXXX    ,1
XX  X  OX OOOOX ,1
 XX OOOX XOXX OO,1
O X XXOOOX XOXOX,0
XX X XXOOOOXXOOO,1
 X XXX O  O OOOX,1
O  XOOXX X XX OO,0
 XX OX OXOX XO O,0
OXOOXOXXOXOOXXOX,1
XXXXXOXOOOOOOOXX,1
 X XOX  X OOXOXO,0
X OO O XOX XOOXX,1
 XXX O OXOO OX  ,1
X OXOXXOXOXXOOXO,0
XXOXXXOXOOO  XOO,1
OXOOXXXOOOOXXXOX,1
  OX   XO  X O X,0
OXOXXXOXXOOOXX O,0
XXXOX  OOOOOXXOX,1
OXOOOXOO XXXXXOX,0
 X  OXX  OX OOX ,0
XOOXOXOXXOXOXOOX,1
XOXOOXXX X OOXO ,0
 XXXOOOXO X OXOX,0
OOOXXXXXX XOOOO ,1
XOOXOOXXX OXXOOX,0
   O  O OO XX XX,1
 XXO  XX OOX OXO,0
X OOXXXOOOO  XX ,1
XXOXXOOXXOOOOXOX,1
 OOXOXOOXX O XX ,1
 OOXO XXXXOOXX O,0
O OXX OOOOXXOXXX,1
O OXO OXX XXOXXO,0
XOOOOOXOXXOOXXXX,1
OOXOXOXOXXOXXXO ,0
XOOOXOXXOXXXXOOO,1
 XXOOXOXOOXXO OX,1
XXOXX XOOXO  XOO,0
 XO X  OXO  XXO ,0
XOOX O X X X OOX,0
XOXOOXX OXOX XO ,0
 X O XXOXOO XXO ,0
XOXXXOOOXOOXXX O,0
  XX O XXOOXOXOO,1
XOXOXOXOOOXOXX X,0
XOXOXOXXOOOOXXOX,1
OXOXXXXXOOXOOOOX,1
XX  OXOOOXXOXOX ,0
 OXXO XXOXXOOOOX,1
XOOOXXOOXXOOXXX ,0
XOXOXOOOXXXXO OX,0
XOOOOX OX  X  X ,1
OOOOXXOXXOXOXOXX,1
XXX O O XXOOOOX ,1
  XXOO X OXO X  ,0
OXO XXX OXOOX XO,0
O XXXXOOOXXOXOXO,0
 OXOOOO  XX XXOX,1
O X XXX O XXOOOO,1
OXOOXXXOXOX XOOX,0
 XOX OXXOXX OOXO,0
 OX OXOXXXXO OXO,0
OX OOXXO  XOXOXX,0
XOXOO X XX OX O ,0
OXX XXXOO XOOXO ,0
XOOXOXXOXXOXX OO,0
 OX OOXOXOOXOXXX,1
XOXXOXOOOOOXXXOX,1
 O XOOX OXOXXOXX,0
OX OX  XXO  X  O,0
 XOOOXX OXXOX   ,0
OOOOXOXXOXXOXXXO,1
   XX XX OXOOOO ,1
OOOX X XXO XXOOX,0
  XXO  X OXOOX  ,0
XXXOOXXOOXXOOOOX,1
XOXOOXXXXXOXOOOO,1
 O XOO X XXO OXX,0
OO XXOX OOXXX XO,0
  XO  O XO XOOXX,1
O XX  XO OXXOX O,0
 OXOXXOOXOXXXOXO,0
OOX OXOOXXXXOXOX,0
XXOOOOXOOX OXX X,1
  XXOXOOXX OXXOO,0
 XOO XXOOXX X  O,0
OOXX OXX XO OXOX,0
OXOO OOXOO XXXXX,1
X XXXOOXXXO OOOO,1
 XOXOO X OOOX XX,1
XOXXOXOOOXOOX XX,0
OX XOXX XOXOX OO,0
XXOOOX XOXXOOOXX,0
OX XOX OXOO XXOX,0
XOOOOXOXOOXOXXXX,1
 OOX OOXXXXXOX O,0
OXOXXOOXXOOX XOX,0
OOXOXXOXXXXXOOOO,1
XOOOOO XX  X   X,1
XOXXXXOOOOXO O X,1
XOOXOXOOXXOOXOXX,1
 XOX OOX  X  X O,0
OXXXOOOXXOOXXXOO,1
 XX OOX XXOOX O ,0
O XOOOOOXXXXX XO,1
 OXOX X  X  XOO ,0
X XOOOO X  X  XO,1
XXXO OO XXOXOOXO,1
X XO XO OOX  X O,1
OXOOXXOXXOOOXX X,0
XXOXXXOOOOOXOXOX,1
XOO XXOOOX  XXXO,0
XX OOOO  X X  XO,1
O OX OX XOX   X ,0
XXXOOOXOX XOXOXO,0
OOXXX OXOOXXXXOO,0
XXOOOOXXOOXXOXOX,1
OXXXXO XOOXOXXOO,0
XOO XXOOOXOXX  X,0
  XO XO  XO OX X,0
O XO XOOXOX XOXX,0
XOX XXOOOOOXO XX,1
 XOXXOOOOXX  XO ,1
OOOXOX XOX X OXX,0
OOXXO XXXOXXOXOO,0
OOOOXXOOXXOXXXXO,1
XXXOXOOOXOXXOOOX,1
OXX  X  X XOOOO ,1
OXOOXXXOOOOXXXXO,1
OX O XOXXO  XXO ,0
XOXOXX  OXXO OXO,0
 XO XXOO X  XO  ,0
XOXOXOOOOXXO XX ,1
XXOXOOOO XX XOOX,1
OX XXXXO XXOOOOO,1
  X O XO XXO OX ,0
XXXOOOOXOXOXOOXX,1
X XXX OXXOOOOXOO,1
 XOOOOOXXOOXXXX ,1
OOXXOOXXXOX OXOX,0
XXO OOOOO XXXXXO,1
OXOXXOXXOOOOOXXX,1
XXOOXXOOXOXXOXOO,1
OXXOOOXX XOXOOXX,0
XXXXOXOXXOOOOXOO,1
OO XOXXOOX XOX X,0
 O X O XX XO OX ,0
XX XXOOOOXXOOO X,1
XXXX XOOXOXOO OO,1
XXXOXXOOXXXOOOOO,1
OOX  X XXXXOXOOO,0
O  X XXXOOOX XOO,1
XOOX OX XXXOOOOX,1
   OXXO OO X X  ,1
OOOOOXXXXXXXOOXO,1
XOOXXXXXO OXOOOX,0
 OXOOX  XX XXO O,0
 OOOOXXX X X OXO,1
XOXOOXXOOOOXXXXO,1
OXOXX XOOOOXXX O,1
XOX XO OXOOXX OX,0
OOOXXOX XOXXOXOX,0
OXOOXXOXOXX OX  ,0
OOOXXOX OXO X XX,0
XOOOXOOXXOXOOXXX,1
XOXX XOOXOXOXOXO,0
OOOXOXOOOOXXXXXX,1
O X OXO  X  XXO ,0
XOXOOXX XOXOOXOX,0
XOOOO XXXOXOX OX,1
OOXXOOXOXXOXOXX ,0
X XXO  OXOO OXOX,1
 XXO OXXO OX OX ,0
X XOOOOXXXOOXX O,1
 O XXXOXOXXXOOOO,1
O OXXO XO OXXOXX,0
XXXOXXOOXO OO XO,1
 XXX O O OO O XX,1
OOXX XO  XOOXXOX,0
X OXOOXXXOXOXOXO,0
  XOOOXX O XX XO,0
XOX XXX OOO  XOO,1
XOX  XOOOOOXXXOX,1
OXX O X O XO  X ,0
O X O X OOX  X X,0
XOOOOXOXOXXOXOXX,1
XOOOXOXOO  XXXXO,1
OOXO XXXOXXOXOOX,0
X X XOXOOOO X OX,1
OXXXOXXOXOXXOOOO,1
OOOX OOXXXOOXX X,1
OXOOXXXOOOXX OXX,0
OXXOOOXX X  X O ,0
XO XXOOOXXXO  XO,0
XXOOOXOOXXXO XOX,0
XOXOOXX OXOXXXOO,0
XXOO OOXOOO XXXX,1
OXXOOXOXOX XXOXO,0
 XOXXOXOXOOOXOXX,0
XOX OOXXO  XOOXX,0
OO X XX XO OX OX,0
OXOXOX OOXXXXOOX,0
 OXXOOXOXXO X OX,0
XOOOOO XOXXXO XX,1
 XOO OOOOX X XXX,1
OX  XOXOXOO XXOX,0
XXXOOOOOOOXXXX  ,1
OXOOOOXXXXXOOOXX,1
XXOOXXXOOOXOXOOX,1
OXXOXOXXXOOOOOXX,1
   OOOOX X  OXXX,1
 XXX  XOX XOOOOO,1
XXXOOXOOXOXXOXOO,1
XOXOOOXOXXOX XOX,0
  XOOOOXX XOOXX ,1
OOOOXXXXOXXXXOOO,1
XX XXOO X O XOO ,0
 OXOXXOOXOXXO XO,1
OXXO XXOX XXOOOO,1
OOOOXOXXXXXOXOOX,1
OXO XXO XO  X   ,0
X OOXXXOOOXOXXXO,0
OXOOXOXXOXXOX  O,1
OOXXOXOXXXXXOOOO,1
XXXOOXOOOOOXXOXX,1
XOOXXOXOOOOXOXXX,1
OXXXOXOXOOOXXXOO,1
X XXOXOXXXOOOOO ,1
X  OXOOXXX OXO  ,0
OOXO OXOOOXXXXXX,0
  X  OX  X OXO  ,0
OOXX OXOXXOXXOOX,0
OXXOO XX OX OOXX,0
XOX OOXOXXXOOOXX,0
XOXXOXOOOXXO OXX,0
O OX   X  XXOX O,0
XXXOO OX OO OXX ,1
OXXOXXOOOOXXXOOX,1
OO X X OOOO XXXX,1
XXOXOOXOXOXXXOOO,1
X OOXXOXXXOXOXOO,0
  X OOXXO  XOXOX,0
 O X  OXOXX  XO ,0
XXOOXXXXOOOOXOOX,1
OOOXXOXO OXXX X ,0
OOXXXX OX O X  O,0
OOOXXXOOOXOXXOXX,1
XXXOOOXXXOOX OXO,0
OX XOXXXOOXOXOO ,1
   XXOOOO XXOX  ,1
XOOOOXXOXXXOXXOO,1
OO X OXX XOX O X,0
XOOOOOOX  XXXOXX,1
OOXO XXX O XOXOX,0
X XX XOOOXO OX  ,0
OXXOXXOXOOXXXOOO,1
XOX XOXX OOOOOXX,1
O  XOXXXX OOOOX ,1
XOXOXXO OOXX OXO,1
OXOXXXOOXOXXOOXO,1
XO  OOOXX OOX XX,1
XOO XXOOXOXOXXXO,0
XXOOOOXXXXXOXOOO,1
OXOOOXO XXXXOXOX,0
OOX  OXO XOXXOXX,0
 O XOXXOXXXO XOO,0
O XX OX OXXXOOOX,0
XXOXXXOXOOOOOXXO,1
XOOOOXXXXOXXO  O,1
OOOXOXXOXXXXO OX,0
X XOXXOO OOOOXXX,1
XOXXOOOXXOXOX XO,0
 O XXXXXOO XOOXO,0
XOXOOOOXXXOXXOOX,1
OXXOOXXOXOXXX OO,0
OX  OOXXXOOOX  X,1
OOOOO  X X XXXXO,1
 O XXXX    XOOOO,1
XOOXOOXOXOOX XX ,1
XXOXOOOOOOXOXXXX,1
OXOXOXXOOXXO OXX,0
   OXOOOOXOXXX X,1
OOXXXXXOXOOOO  X,1
OOX   XO  XX XO ,0
XOOOX OOXX OXX X,0
 XXO  X OOXX OXO,0
OOXO  O XOX OXXX,1
O  XXXXOOX OXOOX,0
OXXOXOXOX  OX OX,0
XXXXOOX XO XOOOO,1
OXXXOOOOXXOXXXOO,1
OOXO OX OXXO XXX,0
OXXXXXOXOOXOOX O,0
XXOXOOOOOXOXXXOX,1
 OOOXXOXOOXXXOX ,1
  XO X OX OOXX  ,0
XOOXO XXOX O XXO,0
XOXOXXXOOOOOOXXX,1
XOOXXOXXXXOXOOOO,1
O  X O X   XO  X,0
O XOOOOO  XXXXX ,1
 OXOOXO  XO XXX ,0
OXOO XXXXXXOOOXO,0
OX XXOO XOO XX  ,0
OOXXOO XXOXOOXXX,0
OXOOOXXXXXOX XOO,0
OOXOO XOXOXOXXXX,0
XXXXO X OOOXOXOO,1
  OXOXXXOX OOXOX,0
XO  XOO X X X  O,0
XO XO X O XXOX O,0
 XO OX  XO XX O ,0
XOOXOXOXXOX OXOX,0
XX OXXOOXOXOOOX ,1
X  XXXOOOXXOOX O,0
X OXOXOXOXOX  OX,0
XX OXOXXXOO X OO,0
XO  XOXXOOOXXXOO,1
XXOOXOX OXOXXO O,1
XOOOOXXOXOXXXXOO,1
X   XX  X   OOOO,1
X OX XX XOO X OO,0
X X  XXOXOO X OO,0
XXXXXOOOOOX XO O,1
XXXO  O OO     X,1
XX O OO XOOXOX X,1
XOOOOXOXOXXXOOXX,1
X O XOOOX OXXXXO,0
XOXOXXOO XOXXOXO,0
X XOX OXOXOXOOXO,1
 OO XX XXOOOOX X,1
XOXOXOXXOOXXXOOO,1
XXX OXOXO XXOOOO,1
 OOXOOXOXXXXOOXX,0
XOOXOXOOX XOXOX ,1
XXX O OOXO XO   ,1
O  XXXXXO OXOOXO,0
XXXOOOXXOOXO OXX,0
OOOOOXXXXOOOXXXX,1
OXOX X   XOOOOXX,1
   X OX OOXXO  X,0
XX OOXX OOOOOXXX,1
XOOOXXXOOX OX  X,0
XOXXXO    XOOOOX,1
  XO X   XXXOOOO,1
XOXO XXOXOOXOXO ,1
OXOOXXOXXOXOOXXO,1
OOOOXXOXOXXXXOXO,1
XXO OXXXOXOOOXOX,0
XX  OXOOOXX X O ,0
OXXXOOXOOOOXXXXO,1
 XOXXOOOXXOOOXXX,0
XOX OXXO OOXOXOX,1
   XOOOOXOX  XX ,1
  XXX  O  O OO X,1
XOOOOXXOOOXXXOXX,1
XXXOOOXXOXXXOOOO,1
 XOXXOOXXXOXOOOX,0
XX XOOXOOXO OXX ,0
XXO XOOOOXX XXOO,1
OOXOXXXXXOO XOOX,0
O XXOOOOXX  XXO ,1
OXXOOXXX OXXOXOO,0
 OXXO  X XXXOOOO,1
X  OX O  OXOOXX ,1
  X   XXOOXO OOX,1
OXXXOOXOOX O X X,0
XOXOOXOX XOOOXXX,0
 OOXXOOXXOX XXO ,0
XXOOOOXOXXXOOXOX,1
XXOOXXOOXXOOOOXX,1
OX   XOXXOOOX X ,0
XOX OOOOXXX  XO ,1
X O OXOOXOXXOOXX,1
OXOOOOXXXOOX  XX,1
OX  XOXXOOOOXXOX,1
 OXO XX XO  XO  ,0
OXX XOXXOOXXOOOX,0
OO XXOOXOX X OXX,0
X OOXOOXXXXXOOXO,0
XOXOXXXOOOOOXOXX,1
XOXXXO OXOXOXXOO,0
XOOXXOOXXO XOXOX,0
XXXOO OXOOOXOX X,1
  XO OXXOOOOX XX,1
OOOXXXXXOO XXOXO,0
XXXOXOX OOXOOXOX,0
OOOOXOOX XXX XOX,1
XOOXXXOOXOXXOOOX,1
   OOOOXXXO X  X,1
 O X  X   X  OXO,0
 OX O X   X OX  ,0
  OXOXOXXXX OXOO,0
OOOOOXXOO  XXXXX,1
XXOO O  O  XOXX ,1
OX X XOOOOO XX X,1
X XXXOX  O OOOOX,1
 XX  OX OXOO X  ,0
   X OX  X OOX  ,0
XOXXOXOOXXOO XXO,0
XXOXO OXOOXXXXOO,0
X XOO XOXXOX XOO,0
XXXXXOXOOXOOOOXO,1
OOOXOX XXXXXOXOO,0
OOOXXOXX XOXXXOO,0
OX   X OOOO XXX ,1
XOXXXXOOOOXXOXOO,1
XXOOXXXOXOXOOOOX,1
OOOOXOOXXXXOXXXO,1
OXXXOXOXOOXOXOOX,1
XOOOXXXOOOXXXX O,0
XOOXXOXOOOOXXXXO,1
XXOOXXOOXOXOXO X,0
XXOOXOOXXOO XXOX,0
OOOXXXXXXOXXOOOO,1
 X OOOOXX XO  X ,1
OO OXOOOXXX XXOX,1
OXOXXXXOOX  XO O,0
XXXOO OXOOX OOXX,1
OOOXOXXXXOX XOOX,0
X XXX OOOOXOOOXX,1
OXXXX OOX OXOOOX,1
OX OXXXXOO XXOOO,1
OXOXXX OOXOOXXOX,0
 XXO XXOOOO  XOX,1
 O X XOXOOOXOXXX,0
X OOOOXX X OOX X,1
XOXOXX  OOOOOXXX,1
OOOOXXOXXOXOXOXX,1
OOXOXOOXXOXXXOXO,1
XOX XXXOOOX  XOO,0
XOOOO  OXXX X OX,1
XXOXOOXOOOOXOXXX,1
  X  OX  XO  X O,0
 OOXO X XX OX OX,0
 XXOXXXOO OOOOXX,1
XXXO XXO  O OOXO,1
XOOOXOXXOXOXXOXO,1
XX XX OOOOOOXXOX,1
OOXXO XOXOXOXXOX,0
XXOXOXXOXOOXOXOO,1
OOOXXOXOX XOXXOX,0
XXXO OXOOOX XXO ,0
OXOXOO XXOOXXXXO,0
XOOOO OXXXXO XXO,1
XOO X X X OOX   ,0
XOX OOOOXX OXXOX,1
XO  X   X  OX  O,0
O  XXOOOXOX OXX ,1
OXOOXOXXOOOXXXXO,1
OOOOXXXOXXXOOXXO,1
OOXXOOXOOXOXXXX ,0
  OXOOOXXX XO X ,0
OXXOXOXOO XOX X ,0
XXOXOXOXXOO XOOX,0
XXXOOOXXXXOOOOOX,1
 X X   OOXOXOOX ,1
 XOO XXXXOOXOOX ,0
OXXOOOXOXOOXXXXO,1
OXOX OXOXOXXOXXO,0
XOOXXOXX OXOOOXX,0
XOXXXOOXOXOXXOOO,1
 OXOXX OXOXOX OX,0
XXOXO OXOXXOXOXO,0
OXOO X OXXOXOOXX,1
XO OX OXOOXXOOXX,1
XXXXOOXXOOOXXOOO,1
OXX XO OXXXOOXO ,0
 XXXOXOO OXXOXOO,1
XX OOXXXOXOOOO X,1
XXXOOOOXXXOOOXXO,1
XOX XOOOOOXX OXX,1
   X  XOOXO X XO,0
OOOOXXOXXXOXOXOX,1
 X XO  X O XO OX,0
 XO OXOOXXOXOX X,0
O   X XXOOOOXOXX,1
XOOOO  OXXX  OXX,1
OO XOXXOXOX  OXX,0
OO XXOXO  XXXOOX,0
X OOOO OXOXX  XX,1
OXOOXXX OOXOXXOX,0
OXXXOXOOOOXXOXXO,1
X XOOOXO XXOXXO ,0
XOXXOOXXXOOOOXOX,1
  XX XOOOOXO X  ,1
OXXOOXXXXXOOOOXO,1
OXXOOXOXOOXOOXXX,1
OXOXOX OOXXX  XO,0
OXOXOXXXOOXX XOO,0
OXO X  OXXOOOXXX,0
OXX OX XOOOOXXOX,1
OXO  OOXOXOOXXXX,1
XO XXOOX XXOOX O,0
X XOXOOOOOOXXX X,1
XOXOXOOXOX OX XO,1
OOXXOXXXOOOOOXXX,1
OXXOXO  XX OXO  ,0
OOOOXXXOXXXXOXOO,1
 XOOXOOXXXOXOXOX,0
 X OOXXXOOX OXOX,0
XXXXXOXOOOXXOOOO,1
XXXO XO OOXXXOOO,1
X XOOXXXOXOXOOXO,0
XOXOXXXXXOXOOOOO,1
XOOXXOX XOXOOOXX,0
OXX  XXOXOOXXO O,0
O  XXOOXXX XOOOX,0
X OX OOXOX XXOOX,0
OOXOXXXXX OOOO X,1
XXOXOXOOXOO XXXO,0
O X XXOO OXXOX O,1
XOXOOOXXOXOXXX O,0
O OXOXOXXXXXOXOO,0
XXOX OXX XOOOX O,0
XOOOOX XX O    X,1
OOOOXXXXXXXOOXOO,1
OXXOOXOOOOXXXXXO,1
OOOXX XXXXOXOOXO,0
OOOOXXX XOOXO XX,1
OOO XXOOX OXXOXX,1
XOO XXX OXOOXOX ,0
OXXOXOO XO  OX X,1
 OOXXXXXOXO XO O,0
XXOX XOOXOXOXOOX,0
XXOOOXX OOXXOXOX,0
OOOXOXXXXXOXOX O,0
OOOOXXOXXOXOXXOX,1
 OOXOOOXXXOXOXXX,0
XOOOOXXXX X OOXO,1
OOOXXOXO XOXXOXX,0
X XOXXXOOOO XOXO,1
  X X XXOOOOXOOX,1
XXXOXOXOOX OOXOX,0
XO  XXOO OX OXOX,1
XX X  OXOO XO XO,0
XOXOOXXXOOXOXOOX,1
OXXXXOXOXOOXOOOX,1
XO OXXOXOO OXX  ,1
XX OOXXOXX XOOOO,1
XO XOOOXXOXOXXXO,0
XXXOOOOOX OXO XX,1
XOO XXO XX O X O,0
XOXOOXO XXOOXXXO,0
X OOXOX O XOXO X,1
X  OXX OXOXOXXOO,0
XOXXXOXO XOOOXXO,0
OOXOXXXOOXXOOX X,0
OXXXXXOOOX OXOOX,0
OOOOXOX XXXO OXX,1
OX  XOO XX  XOOX,0
 XO XXOXXX OOOO ,1
O XOOOOOX XXXXOX,1
OOOOXXXXXOOXXOXO,1
XOO XXXO OX  X O,0
X XXOOOXXX XOOOO,1
XOOXOOOOXXXOXOXX,1
XXOOOOX  OX X OX,1
XXXOXOOXXO OOOX ,1
XXXXOXOOOXOOOOXX,1
XOXOOOOXXOX  OXX,1
XOOX  OX  XO XXO,0
OO XX XXXXXOOOOO,1
XXOXOOXXOXO OXOX,0
X XOOOOOXOOX XXX,1
XOOXOOX XXOXXOOX,0
XOOOOXXX XXO OOX,1
X OXX XO XO OXO ,0
XOXXXOXXOOOOXOOX,1
OOOX XXXXOOOXOXX,0
   O XO XOXXO   ,1
O XOX XOXOXO  X ,0
  OX XXXXOO X OO,0
XXOOXXOXOOXOXOXO,1
XXOXXOXOXOOOOOXX,1
O XXXXO XOOOOOXX,1
 XXX OXOOXXOOOX ,0
OXOXOOXOXOO X XX,1
XXOXOOXXO X O XO,0
OXXXOOXXOXX XOOO,0
XOXOOX XXXOOXXOO,0
  X OOOO XX X OX,1
XOX X XO OXO XO ,0
OOOXOOXXXXOXXXO ,0
  OXXXOXOOXXO OX,0
 XOXXXOOXX OXO O,0
 O XO  X O X  X ,0
X XOXXOOOOOX OXX,1
XXOOOOOOXXXXOOXX,1
XXXXOX OOO OXOOX,1
  XO X  XXOO XO ,0
X OOOO XX OO XXX,1
 OOXOXXOXOO XXX ,0
OO XOXXOXXXXOOXO,0
 OXO OXX  X O X ,0
OXOOOX XXOOXXXXO,0
OXOOXOOXXXXOOX X,0
OXXOXOXXOOOXXOX ,0
OOXXXOOXXXX OOXO,0
O  XO X O X OX X,0
XXOXXOOOX OXOO X,1
OOOOXXX  XXX OO ,1
 X  OX  X O XO  ,0
XOXOXO OXOOXXOXX,0
XXOOXOXOOXXOOOXX,1
XOXXX OOOOXOO XX,1
 XOXX XXOOOXXOOO,1
XXOXXOXOXOOXOXOO,1
XXOOXXOOXXOOOOXX,1
XXXOXOOXOXOXOOXO,1
OX OX XOXXOXOOXO,1
XXOXXO OXOXOXO  ,0
OXXXOXOOOOOXXXXO,1
XXOOXX OOOO X  X,1
OXXOXOOXXXOXOOOX,1
 OOX XX OOXX XO ,0
X   X  OXXO  XOO,0
XOOXXOOOOXXOOXXX,1
XO X XOXXOOX OOX,0
XOXXXOOOXX OX  O,0
OOXX OXXXOOX XOO,1
XXOXOOXXXOOXXOOO,1
 OXOXOXXOXXXXOOO,0
    XXXXOO O OOX,1
X OOXOOXXOXXOOX ,1
OXXOXOXXOOXXXOOO,1
 OXOX XO  XOOXX ,0
XO OXXXXOOXOOXOX,0
OXXOXOOOOXXXXXOO,1
OXXX XOXOOXXOOXO,0
OOXOX XO OXXOX X,0
XXXOXOOXOXO XOO ,1
 OOXO OXX XX O X,0
 XXXOXX  O XOOOO,1
XO XOOXO  X OX X,0
XXOOXXXOOXOXOOXO,1
OXXXXOO XXOOOXOX,0
OXXXOOXXOXOXXO O,0
OXXXOXXXOXOOOOXO,1
OOXXOOOOXXXOXXXO,1
OOXXXOOXXXOOOXXO,1
 X  OX X XOO XO ,0
OOXXXOOOXXXXOOOX,1
XXOOOOXXXXOXOXOO,1
OXO XO OXO XXX  ,0
 XXXOX OXX  OOOO,1
X OOOOXOXX   X  ,1
OOXXOXXOO XXXOXO,0
OXXOXOXO XXOXOXO,0
OX XXOXXOOO XXOO,1
XOXOOOOX XXOXOX ,1
OXOOXOOXX   XXXO,0
 OXOOOX XOX  X X,0
XXOOXX XXOXOXOOO,0
OX XO  XO X  OX ,0
XXOOOXXXOXX OXOO,0
XOXXOXO X XXOOOO,1
XOXXXXOXOOOX OOX,0
OXOXOXXXOOOOXOXX,1
O OXO  X  XX  XO,0
XOOOOXXXXOX OXO ,1
XOXO OXXXXOOXOXO,0
OXXXXXX OOXOOXOO,0
OOXX XOXXOOOXXOX,0
XXXXOOOOXOXOXOXO,1
XXOO O XOXO  XXO,1
  OX   X   X OXO,0
OXOOXXX X XOOOOX,1
XXXXOOXOO XXOOOX,0
OOXO OOXXO XXX  ,1
 XOXXOOOXOOXOX X,1
OOOOXXXOXOOOXXXX,1
XXO  XX XOOXXOOO,0
XXOX  XO OOXOOX ,1
XOOOXXOOXXX OOXX,0
OXOOXXX XXOOOXOX,0
OOX XXXOXOOXOOX ,1
XXOOXXXOOXXXOOOO,1
O  XX OXOOXOXOXX,0
O X   XOXX OOX  ,0
OXX OXO OXOXX   ,0
XXXO  X  XOOOOOX,1
  XXX X   OOOOXO,1
OXOOXXXOX OXXXOO,0
XXOOOX  XX   XOO,0
XXOXOOOOXOXXXOOX,1
 X O XO  XXXOOXO,0
OXOXOOXXXXOXOXO ,0
OOXOXXOOXXX OXOX,0
OOOOXXOXXXOXXOXO,1
  OX OXOXOXX  XO,0
XOOX  OX  OXOX X,0
 OOXOXOO XOXX  X,1
O XO X  X OOX  X,0
OXOOXOXXOXXOOOXX,1
XOXOOOXXXOXOXOOX,1
OOOX  XXO XOXXXO,0
XXXOOOO X OX  OX,1
XXXOXOXO OXXOXOO,0
X OO  O OOXX  XX,1
O XOXXO XO XOX O,1
OOXX OXXOOOXOXXX,0
O XXXOOOOOXOXXX ,1
XXOOOOXXOXOXXOXO,1
 X XXOOXOOXOXXO ,0
OOOXXXOOXXXOXOXO,1
OXXXXXXOXOXOOOOO,1
OOXXXXXOXOOXX OO,0
OXOOXXXX XXOOOO ,1
 OXOXOXOO X  XX ,0
XOO XXOOXO XXOX ,0
OOXXOOXOXXOXOOXX,1
OXXOOOOXOOOXXXXX,1
XXOOO OXXOXXO   ,1
X  XOOXX XOOOXOX,0
OXX  XX OXOOOXOX,0
OXXXX XOXOOOXXOO,0
O XOOXXXX OXXOO ,0
XOOXXOOXX XOXOOX,0
X OXXOXOXOXXXOOO,0
OOXXOXX XOOOXXOX,0
XOXXOOXOXOXOXOOX,1
XOX X   XOXOXOO ,0
OXOX OOOOXXXX XO,1
 X O XXXOXOOOXXO,0
  XXO XO OXO XOX,0
XOOOOX XOX OXOXX,1
XXOXOOXXXOOOOXXO,1
XOOXOXX  OXOOX X,0
OXO XO XXOXXXO O,0
OX  O X XXOOOOXX,1
XXOOXOXXOOXOXXOO,1
 O XXOXX XOOOXXO,0
OOOOOX   XXO XXX,1
OXOXOXOOXO XXXOX,0
XOXXXOOOOOXXOOXX,1
 OXOXX  X  OXO  ,0
OOOXXXOXOXX  OX ,0
XOXOX XOXO OX   ,0
X XOOXXOXOOOXXXO,0
 XOX O XOO X OXX,0
XOOOO     X XX  ,1
OOOXXOOXXXXOXX O,0
XXOXOOXOXOXXXOOO,1
XO  OXXOXXOOOOXX,1
OXXXOOXXOX OOXXO,0
O  OOOO XXO XXXX,1
XXOOXOOOOXXOXOXX,1
OXXXXX OOX XOOOO,1
X XO  OXOO XXOXO,1
OOXXXOOOXXOXXOXO,1
X  O OOXOX X  OX,1
XXOXOOOXOXOOXOXX,1
OOOO  XXX X  X O,1
X X XOO XX  OXOO,0
XOOOXO XXOO XX X,0
 XX  OOOO OXXOXX,1
   X OX OXXOXXOO,0
XOXXXOOOXXOXOOOX,1
XXOO XXXOXOXOOXO,0
XXX XOOOXX  OXOO,0
XXX O X  OXO XOO,0
OX XXOOOOXO  X X,1
OXOX XOO XXX XOO,0
 OOOOOXX  XXXOX ,1
OOOXOXOXOXOOXXXX,1
XXXXOOOXXOXXOOOO,1
 X XOOOXOX X OX ,0
XOXOXXOOXOOXXOX ,0
XOOOOXXOOXOXOXXX,1
 OXOOXOXXOX X XO,0
OXO OXOOXXXX  XO,0
 OOOO XOXXOOXXXX,1
XOXXOXX XOXOOOXO,0
  OXOX XOOXO  XX,0
XXOOOOOXXXOXXXOO,1
XO XOXOXXOOXXOOX,0
 XXOX XOOOO    X,1
XX OX   XO OXOOX,0
XXOO X OXO OXXOX,0
OOOO XXXOXXXO   ,1
X XXX O OOOXX OO,1
X OOXOXOXXXOOXXO,0
 OOXOOOXXXXX  OX,0
XOXOXOOXX XOXOOX,0
XOX XOOXXXOOXOOX,0
XOOXO OOX XOXXXO,1
XXOX XO OOXXXOOO,1
XOXOXXOXOXOOOOXX,1
X OXOX  XXOOOO X,1
OXOXOOOXXXOXXXOO,1
OXOXXOOOXXXXX OO,0
O XX  XO OX XXOO,0
OXXOOOOXXOXXXOOX,1
   XXOXXOXOOOX  ,0
X OOXX O XOXOX  ,0
XOO XXOXXOOXXOXO,0
OOXX OOOXXOX OXX,1
OO XOXXOXXOOXOXX,0
XXOOXOOXXXO OOX ,1
OXXXXOXOXOXOOOOX,1
 OXOOOXXXOOXOXXX,0
XXXXOXOXXOOOOOXO,1
XXOOOXO  XXOXXO ,0
XXOX OOOOXXXO OX,1
 XOOOXXOOOXOXXXX,0
OOXXXXOOXOXXXOO ,0
OX OXOXXXXOOOXOX,0
 XOOOOXXOXO XXXO,1
OXXOXOO XOXOOXX ,1
OOX OOXX OXXXXO ,0
XXOOX XXOOOOXXO ,1
XOOX X  XXX OOOO,1
O XOOOOX   X X X,1
XXOXXOOOOXO    X,1
O XX OXO OXXXOOX,0
XXO OXOXOX OXOX ,0
OXOXOOOOXXXOOXXX,1
OXOOXOXXOXOOXOXX,1
 X  XO XXOOOOX  ,1
XX O XO OOOXXX O,1
 XO OOXOXOOOXXXX,1
 XX OOOOX   XOX ,1
XXOXOX OOXO OXX ,0
OOXXOOXOXOXOXXX ,0
XXOOXXOOOXX   XO,0
 OOOOOXX XXO XX ,1
OXOOOXXOOOXXX XX,0
XOOXXOXXOXXXOOOO,1
XOOXX XOXOXOXOOX,0
XX OOXXOOXXOXXOO,0
OX XX X OXOOXOXO,0
XXXOOXOXOXOOOOXX,1
X XOOOO  OXX  X ,1
O OXOXXOXOXXXOXO,0
XXOO XX X OOXXOO,0
XXO XXOXOXX OOOO,1
XXX O  OX O OOX ,1
XOOXOXOXXXOOXOOX,1
XXOOOOX X   XOOX,1
OOXX OXXXOXXOXOO,0
O  X X X XOOOO X,1
XXXOOXXOOXXOOOOX,1
 XOO XXXXOOOX OX,0
OOX OXOOXXXO  XX,0
XOOOOOXXXXOOXXXO,1
OXOXXXXOXOXOXO O,0
OXXOXOOOXXO XOXX,0
XOXXOOXXXXOOOOXO,1
OO XOOOXXXX XO X,0
XX  OOOOX XO XOX,1
 XXOOXO OOXXXOOX,1
X O XXX OX OXOO ,0
OOOO     X XXOXX,1
X XX OX OOOO   X,1
OOOOOOXXOXXOXXXX,1
O XXO XO XOOXOXX,0
OX XXXO XO OX O ,0
XOX OOXOXOOX  X ,1
XXOXXOOXOOOOOXXX,1
OXXXOOXXXOXOXOOO,1
XO OXXOXXOO OXOX,1
 XO  XO OXOO XXX,0
 XOXOXXOX OXOOXO,1
 OXOXXOXOXOXOXOX,0
 XXOOOX XOOXXXOO,1
XOOOXXXOO XXOXXO,0
OOOXXOOXOX X X X,0
OXXOXOX OXXOOXOX,0
XXOXOXOOXXOXOOOX,1
OOXO  XX XXOXOXO,0
O  XOX XOOXXOXOX,0
O XX OXXXOXOOOOX,1
OXXXXXO  OOOOXOX,1
X XXOO OXOO    X,1
OO XXOXOXXXXXOOO,0
XOOXOXXOOOXXXXO ,0
OOX OXXXOOXX X O,0
 XOOOOX   O XXX ,1
XOO O OOOX XXX X,1
 OXXXOXXOXXOOXOO,0
 XX X  X    OOOO,1
OX O XOX XXOXOOX,0
XX XOXO XOOOOXXO,1
OXXXXXOOOOO  OXX,1
XXXO OXO XO XO  ,0
XX O OOXOXXX OO ,1
OXOXOOOX XXOXXOX,0
 XX OOXOXOOXXXOO,1
XOXX OOOXOO OXXX,1
  OX OOXOXXOXX  ,0
OXXXOOXOOXOXOOXX,1
XOOOXXXOXOOOOXXX,1
OXXXOOXXXOOOOXOX,1
 X   XX OXXOOXOO,0
XOOOXXOXOOXOXXXO,1
OOXOXXOXOXOX XOX,0
 XOXOXO XO OXOXX,0
OOXO XOOXOOXXXXX,0
OXOX XX OOOOXXXO,1
XXOXOXOXOOOOXOXX,1
  X  X O XO  X O,0
XXXOXXOOXXXOOOOO,1
O XX  OX OOXX OX,0
   XOOOX OX XXXO,0
XX XXXOOOXOOX  O,0
XOXOOXOXOOOXXXXO,1
X  OXXOXOO      ,1
XX  XXO OXOOOXOX,0
OOX XXO OXXOXOX ,0
O XX XOXXOOOXO X,0
OOOOXXXOOOXOXXXX,1
 XO XXOXOXOXOX O,0
XOXO XOOOXXXOXXO,0
O XOXX OOX X XO ,0
XOOOXX OX  OXOXX,0
XOOOOOXXXOOXOXXX,1
XXXOXOXOOOXX XOO,0
OOOOXOOXXOXXXXOX,1
OO X   X  XXOXO ,0
 XXOOOOO OXXXXOX,1
OOOXOOOOXXXXXXXO,1
OOOOXX X X  OOXX,1
OXX OOX  XOXOX  ,0
 XXOOOOXXO XX O ,1
OOX  XO  XOXXOX ,0
XXOXXOOOXXXOOOOX,1
OXOXXOXXOXXOOOOX,1
XO OXXOOOO XXOXX,1
O XOOOXXO OXX XX,0
 XXX OXXOOOXOOX ,0
XXO XOXOXXOOOXXO,0
OXOOXXO XXXOOXOX,0
XOXXXXOXOOOO  OX,1
XOOOXXXXO OXXOOX,0
XX OXXXOOOOOXO X,1
XX XOOOXXOXOXOO ,1
OXOXX OXOXOXOXXO,0
OXOOXXXXOOOOXXOX,1
O XXOOXX OXX OOX,0
 XO OX XOXOOXXOX,0
XOOXXXOXXOOXOXOO,1
X XXOXOXOXOXOXOO,0
X OOXXXXOOXOXXOO,0
OO XXOXOXOXOOXXX,0
  XOXX O X OX  O,0
OX OXXXOXXOOXOXO,0
OOXOX XXX XXOOOO,1
XOXXOOXXOXOOOX X,0
OXOOXO XXOXXO OX,1
XXXOOOXOOXOXXX O,0
OO XXOXXOOXXXXOO,0
O OXX XOXOX   XO,0
XOOOOOOOXXXXOXXX,1
OXXOXOOXXOXXOOXO,1
OXXOX XXO XO XOO,0
XOO XX XOXOOX XO,0
  X OX O X  X O ,0
O XO  X  XO  X  ,0
 XOXXOOO OOXOXXX,1
   XOOOX  XX  OX,0
OXXOX  OXO  XXO ,0
OOXO OOXX XX XO ,1
O XOXXXXXOXOXOOO,0
XOXOXXXXOXOOOOOX,1
 OXXOOOO XOOXXXX,1
 XXOO X XOX OOX ,0
 XOXOOXXOXOXXXOO,0
O XXOXOX OXOO XX,0
OOXXXOOOOXXXXOXO,1
OXOOXXOXOXXXXOO ,0
XOXOXOOXOXOXOXXO,1
  OXOOXOX XXOXOX,0
X   XOO XO  X OX,0
XX  OO  XOXOXOOX,1
 XOOOX OX OOXXXX,0
O XXOOOO XXOXOXX,1
XXXOOOXXXXOOOOOX,1
X OXXX  OOOO X  ,1
OXX XOXOO XOO XX,0
XO O XXOOOOXX X ,1
X XXOX  OXOO XO ,0
OXXOOOOXX XXXO O,1
 OXOOX XOOOOXXXX,1
 X O XXX OXOOOX ,0
OOXOXOXXXXX XOOO,0
OXOOOOXOOXOXXXXX,1
 XXOOX OXXOOOX X,0
OOXXXXOOOOXXXOXO,1
   X O XOOXO XX ,0
 XOOOO OXXXOXXXO,1
OXO XOXXX OXXO O,0
XXXOXOOOOXOXOXOX,1
 XXOOXOOOXXXXOOX,0
X OOOO XXX   X O,1
  XXOXX O XOOOOX,1
XXXXOXXOOOOOXXOO,1
OXXOXXXOOOXOXOOX,1
XOXOXOOOXO XXXXO,0
XO  XXOOXXOXXO O,0
OX OX O XXXOO X ,0
OOXXXOOXXXXXOOOO,1
XXOXXOOOOXOXOXXO,1
XOOOOXXX  XOOXOX,1
X OX  XOOX   X O,0
O   XXXOOOOXX OX,1
OXOOOXXXXOXOO XX,0
XXOX O XXOOOOXXO,1
XXOXOXXXOOOOXXOO,1
OOO XXOOOXXXXX O,1
OXOX  OXOOXOXX X,0
OXXOOOOOXXXOXXOX,1
 XXX  OOOO     X,1
OXXXXOOX OXOO X ,0
OXXOOOXOX XX O X,0
OO XOXOXXXXOXOXO,0
 X O XOOX OXOOXX,1
   XXOOXOXXO X O,0
X X  OOXOXOX XOO,1
OXX OXOOXOXXOOX ,1
 OXX  XO XXOOOOX,1
XOOX  OXX OXOXXO,0
 XXOXOOXOX OXXOO,1
OOOOXXXO XX XOOX,1
XOOXXOOXXXOXOX O,0
XOXXXOOOX X XOO ,0
OXOOOXOOXX XOXXX,0
XXO XOOXOXOOOX X,1
  OX OXXOXOOXOXX,0
XOXOOOOXXXOOXOXX,1
OOXXOXO XXOXOXOX,0
OXXXO XOXOXOOOXX,0
 XOXOXOOOX  XXOX,0
OXOXXOOX XXXOXOO,0
XOOXXXXXOXOXOOOO,1
OXOXX X  OX OX O,0
XOOXOXXOX O XOX ,0
XOXOXOOXOXO  XOX,1
OOXXXOOXOXOOXXOX,1
XXOXOXOOOXOXX OX,0
OXOXX  OXOX XOXO,0
XXO OXXOOOXOXXOX,0
XXXOOXXXOX  OOOO,1
XXXOOOXOOOXOX XX,0
 OOX  X  OXX  OX,0
XXOOXXOOXOXOOXOX,1
 OXOOXO XOXXO X ,1
XOXXOOOXXOXXXOOO,1
XOOOXOOOXXXXOX X,0
OXXOXXOXXOOOOXOX,1
OOOOXOXOXXOXXXOX,1
  XXX OOOOXOOXX ,1
OXX X OOXO  OXXO,1
XOOOOX XXO XOXOX,1
OXXOXOXXOO XXOOX,0
XOOX XXOXOXOXOOX,0
 XXOXXOOXOXOOX O,1
 XOOXXOO OX O XX,1
XOXXXOXXO XOOXOO,0
XOOOOXXXXOXOXOOX,1
XOOXXOXOOX X XO ,0
OOOO XOXXX   X  ,1
  X OXX  XOOOXXO,0
 XOXOOOOO XXXXOX,1
XOXXOX XOOXXOXOO,0
XXX OXOXOX  XOOO,0
XOX XXO OOOOOXXX,1
XXXOOXOXXXOXOOOO,1
XO OXOXOXXXXOOOX,0
 OXX XO XX OOOOX,1
XXOOOOXOOXOXOXXX,1
 OOOOOXXX OXXXOX,1
 XOOXX  X OOX XO,0
XX OOOO  OXOXX X,1
 O XOXXOOX XX  O,0
   X   XXX  OOOO,1
  XOOXXXOXO OX  ,0
XOXXOOXXOOXXXOOO,1
XXXXOOOXOOXOXOOX,1
OOOXXXOX XOO OXX,1
XXOXOO XOOXX O X,0
  OXOX X  OXOXXO,0
OX X  OX OXO  X ,0
OOOO O X XXXXO X,1
X OOOOXOOXX  X X,1
XXXOOOOOOXXXXXOO,1
XXOOOOX OXOX   X,1
 X OOXOX O  OXX ,1
  XOXXOXX OOXXOO,0
 OOOOXXXOXXOXO X,1
X  OXXXOXOOXOOOX,1
OXOOX XOXXXOOXXO,0
 OXOXXOO XOOX XX,0
XOXXXXXOOOOOXXOO,1
XXOXXXOOOOOXXOXO,1
XOOOOXXXXOXOXXOO,1
OOOOXOXXXXXXOOOX,1
XXOXOOXOOXO XXXO,0
  X  XOO X  X O ,0
 OOOOXX OOXXXXXO,1
 XOOX  OXO  X  X,0
X OOO O XOXXOX X,1
O OXX X  XO X O ,0
XOOOOXX  OXOOXXX,1
OOXXOOXXXX XXOOO,0
X OOX O XXXOO X ,0
XOOO OOXOO XXXXX,1
OXOOXOO XXXOXX  ,0
OX  OXXXXOXOOOX ,0
XOXOXOOOX OXXOXX,0
XOX  OXOX XOOX  ,0
 XOXOO XX OXXOXO,0
OO X  XOXXO  XXO,0
OX OXOXOXXOOXXOX,0
XO XOXOXOXXOXOXO,0
XOOXXXXOOXX OOXO,0
XXXOXOX OOX  XOO,0
 X X XO XOXOOOOX,1
OXOXOXXXOXOXO OX,0
 X   XXOO XOOXOX,0
O  XOX X O X OX ,0
X XOOOXXOXXOOXOX,0
XOXOXXXXOOOOOOXX,1
XX OXOO OXXOXOOX,1
X OOXXOOOO XXXXO,1
O X X XOXOOOO XX,1
X X OXOXOXXOOOX ,0
XXXXOOXXOOXOXOOO,1
XO OX OOXXXXXOO ,0
OXXOXOXO OXOXOXX,0
OOOXOXXXX OOXXXO,0
OXO XOOXXXXOOOXX,0
  X   XO XXOXO O,0
OOXXOOXXOOXXXXO ,0
X OX OOX  XOXOX ,0
OXXXOXXXOXOXOOOO,1
OOXOXOXOXXOXX XO,0
OXXXXOOXOOOOXXXO,1
 OX OOX O X XX  ,0
XOOXOXXXXOO XXOO,0
XX   X OOX OX  O,0
OX   XXOXX OOOOX,1
OXXOXXXXXOOOOXOO,1
XOOXXXOXOXXO OXO,0
X OXXOOOXOX XOX ,0
OO OXOOXXO XXX  ,1
OXXOXXXO  OXOOOX,1
X OX OX   X  OXO,0
 X O XO OX X XO ,0
XOXOOOOXXX OXOX ,1
XOXOXXXX  OXOOOO,1
OXXOXXXOXOXXOOOO,1
 XXOOOX X XO XO ,0
O OXOXOX XX  OX ,0
 OOXX OXXXOXO XO,0
XOXXXOOOOXXOXXOO,1
XOXOXXXOOOOO  XX,1
OOOOXOX OXXXO XX,1
  OX   XOO XO XX,0
X OXOXXXXOO XO O,0
OXXOOOOXXO  XOXX,1
XXOOOXOOOXX XOXX,0
OOXXX OXXXXOOOXO,0
 O XOO XXO X XOX,0
OXOXOXOOOOXXOXXX,1
XXOXX OOOOO XOXX,1
XOXXXOXO XOXOOO ,1
OXX XOO XXO  X O,0
OXOXXXXXOOOOOXXO,1
XOOXOOXXXOOXX XO,0
O XOXXX X XOOXOO,0
OXO  X OXX  XOXO,0
OXO OXX X O XXO ,0
 XXOXOO OXXXOOOX,1
OOOXO X XOXXXO X,0
OO XXXXX  OXOOXO,0
OOOOOXXXOXXOOXXX,1
OXOOXOOXXOXOOXXX,1
XOOXXXOOOXXXOOX ,0
XXOX XOXOOXXOOOX,0
OXOOXO XXXXOXO  ,0
 XO XXOXXOO X  O,0
XOOOX OX OX OXX ,1
XOOXOXOOXOXX  XO,1
OO XXOOO XOXXXOX,1
 OXXXOXOOXOXOXXO,0
XOX XXXOOO OXOOX,1
XX   XOXOXO X OO,0
XX OOXOX XX OOXO,0
OOXXXOX  XXXOOOO,1
XOXOXOXOXXOOOOXX,1
  XOXXOOXOX O OX,1
OOOOOXOXXOXXXXOX,1
O OXXXOXO XOOX X,0
OOOXXXOX  OOXXXO,1
OOXOOX OXXO X XX,0
O XX XOO XOXOXOX,0
OXX OX OXOXOXXO ,0
OO XXOOOX  X XXO,1
 O XXOOXOOOXXXX ,0
XOXOXO OXOXXXXOO,0
  XXO OXO XXO XO,0
XOO XOOOOXXXXO X,1
XXOXOXOOXXX OOXO,0
 X OX   X O XO  ,0
X  X XOOOO X    ,1
OXOXOXOOXOXXOOXX,1
OX  OX  XXOXOXO ,0
OXXOOOOXXOXOOXXX,1
XOOOOXOOXOOXXXXX,1
OX  OXO OX XX   ,0
 OOXOXXXXOOXXO  ,0
OOOOXXO   X XXXO,1
OXXXOOOXXOXOXXO ,0
OOOOXXXXXOOXOXXO,1
XXX XOOOXXOOOXXO,0
X XOOX OOXXX OOX,0
 OOXX XOOXXOX   ,0
OOXXXOOOXXXOOXXO,1
OOXXXXXXOOOOOXXO,1
OOOOXXOXXXXOXO  ,1
XXOXX XOOXOXOXOO,0
XOOXXXOXXOOXXOO ,0
 XOOXO OOOX X XX,1
OOOXXXXXXOXOOX O,0
XO XXXOOXXO OOXO,1
XXXXO XOOXOOXOXO,0
X XO XX  OXOOOOX,1
 XX X XOOOO  XO ,1
XXOOXXOOOOXOXOXX,1
 XO OXXOOXXXO OX,0
  X X XO OO OOXX,1
X OOXXXOOXXOOXXO,0
XOXXOOXXOXOXOXO ,0
XOXXO OXXOOXOXXO,0
OOXXXOOOXOOOXXXX,1
XXXXOOOXXOXO OO ,1
O XXOOX XXO OXOX,0
XOOXXXOOOOXXXXOO,1
 XOOXXX  XOO X O,0
O  XO OXOXXOXXOX,0
XXXXXXOOX OOOO O,1
OXOX XXXXOOOXXOO,0
XOO XXOOXXXOXOXO,0
XOOX OXXOXOO XX ,0
X   OOOOXX  O XX,1
OOOXXO XO XXXOX ,0
X  XX O XOOOXO X,0
XXOXXOXOOOOXXOXO,1
OXXXXOOXX XOXOOO,0
 OXX XO  X OXO  ,0
OOXOOXXXOOXXXXO ,0
OOOXXOXXX OX O X,0
OXX XOXXXOXOXOOO,0
 XXOXOXOOXOXOXOX,0
XXOXXOXOOOOOXXOX,1
OXOOOXXXOX X XO ,0
 OXX X XOOXXOOOX,0
X OXXXOXOOXOOOXX,0
OOX XOOOXX  X OX,1
XOXXOXX OOOOX OX,1
OOXXXXOOXOOXOOXX,1
  X XX OXX OXOOO,0
XXXOOOXOXXXOOOX ,0
XO  XXOOOX  X OX,0
OOXOXXOXOOXOXXOX,1
OX XOXOOXXXO X O,0
XXOXXOOOOXXOXOXO,1
O OXOXXXXOOXXXOO,0
 XOOXOX XOXXOOOX,1
OOXOXX XOXOOXOXX,0
XOXOOOOXXXXOOXOX,1
X O XOO X OXX XO,0
XXOXOXOOX OOX  X,0
OXOXXX O XOOX XO,0
XOO XOOOO OXXXXX,1
OXOOOOXXXXXO O X,1
 X X OOOOO  XX X,1
  XXXOOO OXXOX O,1
   X OXX OXOOOXX,0
O OX XOXXXOXO OX,0
OXXXOOX OOXOXOXX,0
 OXOXXOOX OXXO X,0
XOOOXOOXOXXX O X,1
O  O  O OOXXXXX ,1
OO O OO  XOXXXXX,1
O XX X OO OXOOXX,1
OOOO XXO XOXXXOX,1
OXOXXOXOXXOXOOXO,1
X  OXXOOOOX X XO,1
XXOXOXO XXXOOXOO,0
OX X   X  XO XOO,0
 O XXXXOXX OOOO ,1
OXXO X OX OXX O ,0
OX OOXOX XOX XOX,0
OOOXXXOOXOXOXXOX,1
XXXOXO XXOOXO OO,1
 X XXXOX OOOOXO ,1
OX O X  XXXO OXO,0
XXXOOXXOOOXOOXX ,0
OX XOOXOXOOX XXO,1
 X  OOOOXX     X,1
OX   XOOOXXXXOXO,0
OXXXOOOOXO  X X ,1
OOOOX O  XXXX   ,1
  XXXXOOOOOXXXOO,1
XX XXX O OO OOOX,1
XOXOOX XX O X O ,0
OOOOOXXOXXXOXOXX,1
OXXOOOOXOXXXOXOX,1
OOOXXOXXXO XXOOX,0
XXXXXOOO O OOXXO,1
X OOXO  OXXXO   ,1
XO OXXOOX XOXOX ,0
XOOOXXOOXOXXXXO ,0
OXXOXOXXXOOOOXXO,1
X XXOOOX  OXOOXX,0
O X XOX  XXOOOOX,1
 OX OOXXOX  OX X,0
 OX O X  X   XO ,0
XOXXOOOXXXOOOOXX,1
XXOXOOOOXXXOXOOX,1
XOXXOXXXOOXOOXO ,0
OXXOOXOXOXOXXX O,0
OXOOXOXXO XOX   ,1
XXX OXOOOXXXOXOO,0
XOXOXOX XOOXX O ,0
 XXXOO XOOOOX  X,1
 XXXO OX OXO  XO,0
OOOXOOXOX XXOXXX,0
 XX XOX  XOO XOO,0
XOXXXOOXXOOOOXOX,1
O OXOOXX X OXXOX,0
OXOXXXXOOOOOXXOX,1
XO X OXXOXXOXO O,0
OOXOXXOX O XOXXO,1
OOXOXXOXXOXOOXOX,1
  OXOOX OXOXXXXO,0
OOXOXOOXOXXXOXOX,1
XOXOOOX XXXXOOOX,0
OOXOXXX  OXXO OX,0
 OX XOXXXXOOOXO ,0
OXXOOOOOXXXXXXOO,1
OOOO X   XX  X  ,1
OX OXXXOO XX XOO,0
XXX XXXO OOXOOOO,1
XXX XOOXO OOXOXO,1
OXOXO XXXXOOXXOO,0
O XX X OOXO XX O,0
XX O OO OXXOXO X,1
X XXOOOOOX  O XX,1
XXOOXOXXOO OO XX,1
  X XO XXOOOOXXO,1
OOOXXOXOXOOXXXXO,1
OX   XOXOXOOXOXX,0
 XOXXXOOXOOXXOOX,0
OXXOO XOXXOXX  O,0
  XO XO OXXXXO O,0
OO X   XO XX XO ,0
X XO  X   XOOOOX,1
O XXXXX OOOOOXXO,1
 OXOXOXXO OXXO X,0
XOX OXXXOOOOXXO ,1
XOOXOOX XXOXXXOO,0
O XXOOXXOXOOXOXX,0
X XO OOXO  XO X ,1
XXOXXOXO  XOOOOX,1
XOOOOOX  XOOXXXX,1
O X O X OXXXOOX ,0
 X OOXOOXX  X XO,0
OXXOOOOO  X X XX,1
 OXXOXOXOXOOXXOX,0
X X OXX  XOOOOOX,1
OOXXOOXXXOOOXOXX,1
X XOXXO  XOOOOX ,1
OOXX XOOOO X X X,1
X XX XOOXO  OXOO,1
X XX X OOOOXXOO ,1
 X O XX OOXO OXX,0
OXXXXOXXOOOXXOOO,1
XOXXX XOOXOOOXXO,0
XOXO XOXOOXX  O ,1
XOOXX  XXOOXO XO,0
OXO X  OXXX  OXO,0
OOXOXOXXXXOOOX X,0
OOOOOXXXXOOXXOXX,1
XOOOX XOXXOOXXXO,0
OOXXXXXXOOOX OXO,0
XXOO OXXOXOX OXO,1
OOOXXXOXXXOX OXO,0
 XXOXO XOOOO XX ,1
OOXOOOXXXOXXX OX,0
OOOOX OXXO  X XX,1
OOXXOX  XX OOXOX,0
X O XOXXOOOOXX  ,1
OOXXXXOOOO XO XX,1
XXXOXOOOXXOOOOXX,1
OOXXOOXOXXXX OOX,0
XOOXOXOOXXOXOXOX,1
  OX O XO X   X ,0
OXOO XOXOXXOXOXX,0
XXXOXO OXOXOXOXO,0
O  X  OX  OX  X ,0
XOXO OX OOXOXXX ,0
 OX X XOX OOOOXX,1
OOXX XOXXOOXOXOX,0
X OXXOO XXOOXOX ,0
OOOXOXOOXXOOXXXX,1
X X OX OX OOXOX ,0
XOXXOXOXOXXOO XO,0
OXXOX OOXXXXOOOX,0
X  OXXXOOOOO XX ,1
XOX OXXXXO OOOOX,1
XX XO  XX OXOOOO,1
OXOXXOOOXXXXXOO ,0
XOXOOXXX XOXOOOX,0
X XOOOOOXXOOX XX,1
XOOOXXOO XXOXXOX,0
OOOXXOX  XXXOOX ,0
OXOXOXXXXOOX OOX,0
OXOXOXOXXXOOOOXX,1
OXOOXXXX  XOOOOX,1
 O  XOOOOXXX XXO,1
XXXOOOX  OOOXXXO,1
XOX XOXO XOOXOX ,0
  XXOOX XOXXOXOO,0
X OXOOOO X XOXX ,1
XOXXXOX  X OOOO ,1
O OOXOXXO     XX,1
OO  XXXOOOOXXXXO,1
XOOOOOXXXXO XOX ,1
XXOXXXOOOO OX   ,1
X OOOXXX XOOOOXX,1
XXOXOXXXOXOXOOOO,1
OXXXXXOXOOXOXOOO,1
OXOOOOXXOOXXOXXX,1
O OXXOOOOX OXXXX,1
 O X   XO XXO OX,0
OOXOXOOXOXXXXOXO,1
OX   XOOOXXXXOOX,0
OOOXXXOX OOXXXXO,0
XOOXOXX O XOO XX,0
    XXOOOOX   X ,1
OOOXXXOXX OXOXOX,0
  XOO XOOOX  XXX,0
OO XOOXOOXXXXXXO,0
OOOXXXXXXOXXOOOO,1
XOOOOXO XX OXXXO,1
XXXOOOXOXXOOXX O,0
OXXOXXXXOOXXOOOO,1
OXXOXXXOOOOOOXXX,1
XXX XO  XOOOX O ,0
OOXXXXXO XX OOOO,1
XXOXOOOOXXXOOXOX,1
OXOXOOOXXXOOXXOX,1
O XO XOXOXXX OOX,0
XX O  O OO   XX ,1
XX OXXOOXOOOX  X,0
OOOOXX XOXXXXO O,1
OOXX OXO XXOX OX,0
 X OX XOXXOXOOO ,1
OOXOXXXOOXXOX OX,0
XOXXOOXOXOOOXXOX,1
OXXXOOXOOOOOXXXX,1
OXOOXXXXOOXXXOOO,1
O XOOXXXX  OXXOO,0
OOOX XOXOXXOXXXO,0
OX   XO  X  OX  ,0
 OXXXOOXOXOO XOX,1
XOXX XOXOOXOOOXX,0
 X O  OX O  OXX ,1
OXXX  XOOOOX X O,1
XO X  OX  OXXOOX,0
XXXOX XXOXOOOXOO,0
XOXOXOOXOXXXOXOO,1
 O XO  XXOXOXOX ,0
 O XOXXOXOXO X  ,0
XX OXXXOXO OOOOX,1
XOXXOO OXOOX X  ,1
X XOOXXOXOOXXOXO,0
 OOXX XXO OXXOXO,0
OXOOXXOXOOXXXOOX,1
OOXXXOXOOOOXXXOX,1
OXOOOXOXXOXXOXOX,1
  X  XO  XO  XO ,0
OXX OOXXXOXXOOOX,0
XX OOOOXOXX OXOX,1
XOOXXXOOXXOOX OX,0
XXOOOXXO  X OXOX,0
OXOXXOX XO  X  O,0
OOOXXOXXOX XOOXX,0
 OX OOXXXXOOXX O,0
XXOX X OXXOOOOXO,1
XXOXOOXOXXOXOOXO,1
OXX OOO OXOOXXXX,1
XO OX  OXX X XOO,0
 XOOXO  O  XXX O,1
XXOOXOXOO  OXXOX,1
OX XOOXX X XOOXO,0
XOOXXXOOXO  OOXX,1
O XXXOXOOXX OXO ,0
OOOO  XX OXXXO X,1
OXXXOOXOXOOXXOOX,1
XO OX X XO  X O ,0
XOX   XOOOXOXXXO,0
XXOX O  XX XOOOO,1
X OXOXOOOO   XXX,1
XOOXXOOOOOXXXXOX,1
 X OOXOOOXX XXOX,0
XOXOOOXO XXXXOOX,0
OOXXXOXXOOXOXOOX,1
 XXOOXXXOOOXOOXX,0
 O X XX O XOOX  ,0
O X X X OX  OX O,0
  O  X X XOOOOXX,1
O XXOXOXXO XOOX ,0
XOOXXXXOOXXOOOOX,1
X X  OXX OOOO  X,1
OOXOXOOXOXO XX X,1
XOXOXXXXOOX OOXO,0
O XOXOXOXOXXXOOX,0
XOXX OXOOX  OXXO,0
XXXO OXXXOX OOOO,1
XXXX OXOX OOOOXO,1
OOX XXOOXXOOOXXX,0
OX XOXOXXXOOOOX ,1
XOXXXOOXXOXXOOOO,1
OXOXOOXXOXO OXXX,0
   X O X  X  OXO,0
 X O XOXXOOXXO  ,0
OOOOX X O XXOX X,1
XOXOX OXXXXOXOOO,0
OXX XXOOX XOOOOX,1
OOXXXOXO XOXOXXO,0
OOOXXXXOOOOXOXXX,1
XOOOOXOOXOXXXXOX,1
XO  XXOO XOXOXOX,0
OOXX  XO OXXOXOX,0
O X  OX X XXOOOX,0
XOOXOXXOXOXXOOX ,0
 XO  XXO XXOO XO,0
OXXXXXOOOOX    O,1
X X XO OXXOXOOO ,1
OXX OXOOXXOXXOXO,0
 X XX  X XOOOOO ,1
OOXOXOOOXXXOXXOX,1
O X  OXOX XXO OX,0
XOXXOOOXOXOXXO X,0
 X   X  OXO X O ,0
X OOXO XXXOXX OO,0
XOOXXXO OX   X O,0
OOXOOXXXXOXOO XX,0
XOOXOOXOXOOXXXXO,1
XO XOOOO XXXXXOO,1
XXOX OOOOXXOXX O,1
 XOX XOO XXXOOXO,0
X X OOXX XOO XO ,0
XX  O XXOOOO XOX,1
XXOOXO  O OOX XX,1
XXOOOOXXOOXOXXOX,1
XXXOXXOX OO OOOX,1
OOX  OOOXOXXXXXO,1
OOOXX OX XXX OXO,0
  XOO XOXOXXXXOO,0
OXOO XOXXXO  X  ,0
XOOXXXOOOOXOXOXX,1
XXOX OOOOXOXX   ,1
XXOOOXXXXXXOOOOO,1
XXOO   XXX XOOOO,1
XOXOOXXXOXOXOOX ,0
XOXOXXO OXXOXOOX,0
XXOOOXOXXOXXOOOX,1
XOOOXOX OXOXXXO ,1
OOOOXOXXOXXOOXXX,1
XXOXOXXOOOOXOXOX,1
OXXOXOOXOOXOOXXX,1
XO OXXX  OXOOX  ,0
OOOXXXOXXXOOOXOX,1
XXOXOOOXXOOOXXOX,1
 OXXO OXOX XO X ,0
OXXO XOXXXOOOX  ,0
OXXOXXXOOOOOXXOX,1
 XXX XOXOOOXXOOO,1
OXXXOX XOXXOOOXO,0
OOXXOOOOXOXOXXXX,1
O X  XOOOXXX  OX,0
OOOOXX XXOOOXXX ,1
XXOXXXOOOOOOOXXX,1
XX OOXXOXOOXO OX,1
 XO  XXOOOXX XO ,0
XO XOO X XOXOXXO,0
OX  XXOOOX XOXXO,0
X XOXOXOOXOXXOXO,0
O XXXXOOXO OO  X,1
XOOXXOOXXO XOXXO,0
XOOX XXOOXOXOO X,1
X OOXO OXX XOXXO,0
 X X  X  XOO XOO,0
O XXOOOO XXOXOXX,1
OOOXOXOOXX XX OX,1
XOXOXOXOOXOXOOXX,1
XXOXXOOOXOXXOXOO,1
XO XO  XO XOO XX,0
OXOOOOXOX XXOX X,1
OOX   X  OXX X O,0
OXOX OOXOOX XXX ,0
 X O X XOX O XO ,0
  XOXXOXOOXOX O ,1
XXOXXO OXXOOOXOX,0
 XOXX OXX OXOOXO,0
 O X  X   XOOXOX,0
XO OXXXXOOOO XOX,1
OOXXXXXOXOOXOOOX,1
XXOXXOXOOOXOXOOX,1
 XXOXOO XOOXXX O,0
   X  XXOXO OXO ,0
XXOXO XOOXOOXXXO,0
X  XXXO XOOOX O ,0
X OXXOXXOX OXO O,0
 XXO X OOX O XXO,0
XXO OXOOX   X OX,0
OXOXXXXXOXOOOOOX,1
 OOOO XXXXO  OXX,1
OOOXXOOOOOXXXXXX,1
OXXXOOXOXOX XXOO,0
XOX OOXOXXOOOXXX,0
 XOXO X  XOXXOO ,0
 OOXOXX OXXXOO X,0
OOXX OOXXXOO XOX,1
XOOXOOXXXX OXOOX,0
OOOOOXOXOOXXXXXX,1
XXOOOOXX XO OXXO,1
XXXXXXXOOOOOOOXO,1
XO XXXO  X OOOOX,1
XXOXXOXOOX XXOOO,0
 OXOXXXOOXO XXO ,0
OOXO OOXXX OOXXX,1
  OOXO XOO XX X ,1
XXOOXXOXOXOXOOXO,1
XO X   X  OXOOX ,0
XOO X OOOOXXXXXO,1
  OXXOXOXXXOO XO,0
 XX OOXXO X  OXO,0
OXXXXXXXOOXOOOOO,1
XX  OXXOOXX XOOO,0
O XO X OXXXXOOXO,0
OX XX O X   XO O,0
X XO OXXO OXXOOX,0
XXOXOOOXXXX XOOO,0
OOOOXOXXXOXXXOOX,1
OX  XXOXOXOOOXX ,0
OXXOXOOXX OXXXOO,0
  XXOXOOOXOO XXX,0
 O XOOXX  XO  X ,0
 X   X   XOOX  O,0
XX OX OXOO  XOXO,1
XXOXX OOX XOXO O,0
XOOOX  XXXXXOOOO,1
  OX X  X XXOOOO,1
  OOOOXXXXOXXOOX,1
OXOXOOOOOXXXXXOX,1
  XOOOXXOXO XOXX,0
XOOOXOXOX XOXXOX,0
OXOOOXOXOOXXXOXX,1
 XOOOXXOXXXOXOOX,0
X XXX OOXO OO   ,1
OOXOOXOX XOXX X ,0
X OXXXXOOXXOXOOO,0
XOXOXOOXXXXOOXO ,0
XOOOXOOXXOO XXXX,0
XOXXXOXXOOXXOOOO,1
XO XO OXOOXXX OX,0
OXXXXOOXOOOOOXXX,1
OOXX OOXXXOO XXO,1
XOOOO XXXXOXO OX,1
XXXOOOOOXXOOXOXX,1
OOXOOXXOXO XXXXO,0
XXOO XOOXOOXXXOX,0
OOOOX XOOXX X X ,1
XXOOOX OOXXO XX ,0
X XOXO OXXO  X O,0
OXOXXOOOOXX XX O,1
OX XXXOXXOOOO OX,1
OOXOOX OXXXX  OX,0
OXOOXOXXXXXXOOOO,1
OXXOOOXX OOXXXOX,0
 XX  XOOOOOX X  ,1
XOXOOOOXXOOXXXOX,1
OXOXOXO XXX X OO,0
XXXXXXOOOXOOOOXO,1
XXXXXOOOXXOXOOOO,1
OXX XOOOOOXXO XX,1
XOXX   OOOOOXXX ,1
OX OOXXXO OXOXX ,0
XXOXXO XOOOXX OO,1
X XXOXOXOOXOOOXX,0
XOXXXX OOOOOXOX ,1
XOOOXXOOOXXXOX X,0
O XXOOXOXXOOXXXO,0
OOXXXXOXXXOOOOXO,1
XOOOOOXO XXXOX X,1
XOOOXXXXOOOXXO X,0
 XX OOOXX OOXXO ,1
XOX X XO XOOXXOO,0
X OX OX O XXOX O,0
XXXOOOOOXXXOXOOX,1
OXOO XXO  XXXXOO,0
XOOXXXXOOOOXXXOO,1
XOXXOXXOOOXOXOOX,1
O XXXOXXXOOXOOOX,0
  XOXXO XO OOXXO,1
 X OXOO O    X X,1
OOOX XOXXXXOXOXO,0
XOOOOXXX   XO XO,1
OOOXXXOXXXXXOOOO,1
X OXXOXOXOX X OO,0
OOXX O X X XOO X,0
XXOXXOOXOXOXXOOO,1
OOOXO X   XOX XX,0
OOXOXOXOXOOXXXXO,1
XXOX OX XOXO XOO,0
 XXXX OXOOOOXOXO,1
XOOXOXOOXXOXXOOX,1
XOXXXXOXOXOOX OO,0
OXOXXXOOOOOXXOXX,1
OXXXXOXOOXXOXOO ,0
OXXOXOXOXXXXOOOO,1
OXXOOOOXOXX X OX,1
X XXOX OX  OX OO,0
XXO XO O XOXOO X,1
XOXXXOOXX OXXOOO,0
 XXXXO XOXOOOOOX,1
OX X X OXOOXXOXO,0
OOOOX X OXXXOXXO,1
  XOOX  X O X   ,0
OOOO X XOXXXOXOX,1
XXXOOOOXOXOXOXXO,1
O  OXOOXOXXXXXOO,1
 OOOOX    XX   X,1
OOOXXOOOXXXXOXXO,1
XOOXXOOX OOXXXXO,0
OXXXOOOOXX  XXOO,1
 XXOOXXXXXO OOOO,1
XX  XOOOOXXXOXOO,1
XO  XX OXOXOXOOX,0
 XOXXO XO XOXXOO,0
OOOX OOX XXXXO X,0
XOOXOXOOXOXOXOXX,1
 XXO X OOOOXXO X,1
X OOXXOOXXXOOX  ,0
OXOOXX   XOXX O ,0
XOXXXX OOXXOOXOO,0
XXXOXOOX O XOXOO,1
XXOOXOOXXOOXOXOX,1
 XOO XOX X  OXOX,0
OXXXXOXOOOOOXOXX,1
XXXOXOXOX OXXOOO,0
XOXOOXOOXOXXOXXO,1
XOX XXOO OXXO O ,1
OOOX OXOXXXOXXXO,0
XOOXOXOX OOXXOXX,0
XXOOXXXOXXOOOOXO,1
OOXXXOOXXXOXO XO,0
O OOX OXXOXXOOXX,1
XOXXXO XOOOXOXOX,0
O X   X  OX O X ,0
XOOOOXXXXOXOXOOX,1
  XOOXXXOOOX XOX,0
 X  OXOXOX XOXO ,0
   XO  XO X  XO ,0
OOXXXOXOXX XXOOO,0
OXXOO XXO X OXXO,0
XXOOXOXXOXXOXOOO,1
XOOX XOXOOXXOXXO,0
OOOXOXX XXO X   ,0
XO XXOXO OXOXXO ,0
OOOOXXOXOXXXXOOX,1
XO  XO  X X XOO ,0
XXOOXXXOOOX  XO ,0
XOXXOXOOXOXXOOOX,1
XOOOOX XXXOOXOX ,1
OO XOXXOOXX XO X,0
XXXOXXOOOXOXOOOX,1
XOXOO XOX X OOXX,0
X OXXOXXOX O XOO,0
O XOOXX XOX XO  ,0
  XXXOXX XOOXOOO,0
OOOXXXX X  OXOXO,0
OXX   X   XOOXO ,0
X  XOOOOX XX  O ,1
XXOX OXOXOXXOOOX,0
X XXXOX OXOOOOXO,1
XOOOOXOXX XXX OO,1
OOXOOXOXOXX X  X,0
 XXO XOOOO   XX ,1
XOOOXXXOOXOXOXX ,0
OOOXXXXO OXXXOXO,0
  XOXXO XXOXOO O,1
 XOOOXOOXOXXXXOX,0
OOXO XXXXOOXOXOX,0
XO XX OOOO X XXO,1
X  O XOXXXX OOOO,1
XOXOO XXOOXOXXXO,0
O  XX  X OX OXO ,0
OOXXXXO XOXOXOOX,0
XX OOXOXOOX XXOO,1
XOOOXOXOXXOXOOXX,1
XXOOXXO XOXOXXOO,0
XOX O XXOX XXOOO,0
XOOXXOOOOOX XXX ,1
OXOXXXXXO XOOOO ,1
XO  XXXOOX OOXXO,0
XXOOXX OOXXOXOOX,0
X  OX OOXOOOXXXX,0
XXOOOXOXXXOOOX X,0
XXOO XOXXXOOOXXO,0
OXXX XOO O OOX X,1
X O XOO XX  OX  ,0
XOXXXXOOOOOXXXOO,1
X OOOOX X  O XX ,1
OOOOXXXXXOXOXXOO,1
OXOOXOXOOXOOXXXX,1
OOXXOOOOOXXXOXXX,1
  X     XXOOOOX ,1
XOOXXO XOXOXXOXO,0
  XX X X OOOO OX,1
 OX  OXXOX XOXO ,0
O XXOOXXO X OOXX,0
OXOOOXX XXOXXOOX,0
 O XOXXOXXOO XXO,0
 OXOO XXOXOX   X,0
OXXXXOOXXXOO XOO,0
OOXOOOOXXOXXXOXX,1
X X XXOOOOOXX O ,1
XXXOOOOXOO OXX X,1
OOOOXXXOOXXOOXXX,1
XXOXO XOOXXXOOOX,0
 XOOXOO OX  XXOX,1
OXXO XOOXXXOOXXO,0
XXXXOOOOXOXOXOOX,1
 OXOXXOOXOXXXOXO,0
 OOX XXXOOOXX OX,0
 XXOOXXOXX XOOOO,1
OOOOXXOO  X  XXX,1
X X OO XXOOOX   ,1
XXXOXXXOOXOOOOXO,1
 XOX XXOXOXOOOX ,0
   XX  OOOO  XX ,1
XOOO OXXO X OX X,1
XOO XO  XXXXOOXO,0
OXOOXXO OOXOXXX ,1
OOXXX XOXOO OXXO,1
OXX OXX X XOXOOO,0
OXXX XXOXOXOXOOO,0
 X OOOOXX    XOX,1
 XX X XOXOOOXOOX,0
  XXXX OO O OOX ,1
 XOX OOXXOXOXOX ,0
 XX XOXO OOXO OX,1
O XXX XXOXXOOOOO,1
OX XXOOXOXOXXOXO,0
OOOOXXOOXXOXXOXX,1
X OOXXOOOX XOX X,0
XXOXOOX OOXOXOXX,0
OXOXXOXXOX XOOXO,0
O XOOOOXXXXO X  ,1
XXOX OOOX OXOOXX,1
OOXOOX XXXOOOXXX,0
 X O X OXOO XXOX,0
OOXXXOXX  XOOX O,0
OOOO XXOXXXO OXX,1
 OOX XXXOOX  X O,0
X XOXO  XOOOXXOX,0
XOOOOXXO XO  X X,1
OXXXX XOOOXO X O,0
XO OXXOOX   XX O,0
OXXXXXOXOOOXXOOO,1
OXOO XXXO XX OXO,0
OX OOXOXXXOXXOOX,0
X  X OXXOOXOOOXX,0
OXXXOOOO  XXOXXO,1
 OXOOXOOX  XX X ,0
XOX O OOOOXXXXOX,1
OXOOXOXOOXXXOXOX,1
X OXXXOXOXO  XOO,0
 OOOOXXXXXOX XOO,1
OOXO  X OX   XX ,0
 X  XO O OOXO XX,1
X X  OX OXOO XOX,0
O XXOXX  XOOOO X,1
   XO XOXXX OXOO,0
XXXOOXOOOOOOXXXX,1
X OXOOOXXXOOXO X,1
XO XXOOXXXOOOXXO,0
   X XOXOOOXXXOO,1
X X XX O XO OOO ,1
 OOOO X X XX O X,1
XOXXOXOO X OXO X,0
XOOOXXXOOXXXXO O,0
OXOXXOXXOOOX OXX,0
XOOXX OOXXOOXXOX,0
XOXOOOOXXXXOXOXO,1
OXXOX XXXOOOOO X,1
X X XOOOXXOOXOX ,0
XOXOOOXX XOXOOXX,0
X OOXXX OOXOX XO,0
OXXOXOXXXO OXOXO,0
OOXOXOOXOXXXXOXO,1
O OX X X O XO X ,0
OXOXOXXOXXOOOOXX,1
 XOOXOX OX  XOOX,1
XXOOXOXOOOXXXO  ,1
OXXOOXXXXXOOOOOX,1
OX XOXXXOOOX XOO,1
OXO X  OXX  X  O,0
OXXOXOX X XOO XO,0
 OXX  X  OXO XO ,0
XXOXOOOO XOXXX O,1
OOOXXXXOO XXOXXO,0
OOOX XXX XOX XOO,0
OXOOXXXXOOOXXXOO,1
XOXXXXOXOOOOXXOO,1
XXOO XOOOOOXXXX ,1
O XXOOXX OOX  X ,0
OX X XXOOOOOXXXO,1
X XXX OOOOXOX  O,1
 X OXOXOOOOX XX ,1
XOXOXXOOXOXXOXOO,1
OOXO  X   XXOOXX,0
OXXXOXOOXXXOOOOX,1
X XOOOOXXX OXOXO,1
OO O OOX XXXXO X,1
XXXOX O  O OO X ,1
OOX XXXX  X OOOO,1
X OOXXOXX OXOOXO,1
OOXOXOXXXOOOXXOX,1
OOOXXO XOX X   X,0
X   XX OXOO XOOX,0
XXXOXOXOX OOXOXO,0
XO XO OX  XOX XO,0
OXOO XXXOXOOOXXX,0
XOOOXXX OXXOOXOX,0
XXXXOOOO OO OXXX,1
XXXOOXX XXOOXOOO,0
 XOO XX  X OXO  ,0
OXOO XOXXOXXXOXO,0
OXXXOXOOOOXOOXXX,1
XXO XOO XX OXOXO,0
XO  XXX O XOOXO ,0
  XX O XOO XOXXO,0
OOX   XOXX OXOX ,0
 OXXXX XOXO XOOO,0
O X XOOOO  XXX  ,1
XOOOXXOOXXX OXXO,0
XXOOOXXOXXO OX  ,0
XOXXOXO XOOXXXOO,0
  OXXOXXOXOO XXO,0
O  XO X OX XOX  ,0
OXXO XOXOXOXOXXO,0
  XOOXX  X OX O ,0
XXOXOXXXOOO X OO,1
  XX  XOOOOXXOXO,1
XOOOXOXXOOXOXOXX,1
XOOXOOOOXXX   X ,1
 OX  OXX OOXX XO,0
 XOOOXXXXOOOXXOX,0
 X XXXXOOOO X OO,1
XXOXX OXXOOOXOOX,0
 XO OXOOOXO XXXX,0
OX XOOX O XXXOXO,0
OOXOXXXXXOOXOO X,0
 OOXXXXXXOOXXOOO,0
OXOOXOOXXX XXOOX,0
OX X  OX O XOXXO,0
O XXOXXOOOXXO X ,0
O  XXOXO X O X  ,0
XOXXOXOOOXOXXO X,0
XXO OXX OXXXOOOO,1
 XOOXXX XOOOOXOX,1
OO X OX XX OX XO,0
O XXOXXXOXOOOOX ,1
 X OOX O X XX  O,0
XO XX XOX OXOO O,1
X XO OXXOOOXXXOO,1
X OOXO XXOOXX OX,0
XXXO  XOXOX OOXO,0
 OX  X O XXOX  O,0
OXOOOXXXOX OXOXX,0
 XXXOO  XOOOXOX ,1
XXX OX XOOOOOX  ,1
OOXOOX XOXOOXXXX,0
XX XOXOX XOOOX O,0
OXOXOOX OXXXOXXO,0
O OOOOOXXX X X X,1
 OOXOOXOXX XXO X,0
XOXOXXOXXOOXOOXO,1
X   XXOXOOX XOOO,1
OXO OXXXOOOXXXXO,0
OX OXO  XXOXXOOX,0
XXXXXOOXXO OXOOO,0
XOXXOXOOOOOOXXXX,1
OOOXOOXXXXOOXX X,0
X XOXXXOOX OOOOX,1
OX X XOOXXX OOXO,0
XXOOOXOXOOXO  XX,1
XOOOO XOXXXXX OO,1
 OXXXXOOXOXOXOXO,0
OXXXOOX OXOXXO  ,0
O OOXOXOOX XXXXO,1
OXOXOX OXXOOOXXX,0
OOXXX XOXOXOXXOO,0
XXOOOOOOOXXXXXOX,1
OXXXOOOOXXXOO  X,1
 XOOXO XOXO  XOX,1
  XXOXX OXOXOXOO,0
 OXXOXXXOXOXXOOO,0
XX OXOOXXOOOXXOX,0
XOXO   OOOOXXX X,1
OOXXXOOX OXXXOXO,0
OXXXXX OOOOOO XX,1
XOOOOXXXXOOXOXXO,1
  X XX O XX OOOO,1
XO X OXXOXOXOO X,0
 X XOXOXOOXXXOOO,1
OXX OOXXOOOOXX X,1
XXXXO OXXOX OOOO,1
 OOXO X X XXO OX,0
OXOOOOO XX X XX ,1
OXXOXXOXOXOXOOXO,1
OOOOXXOXOXXOXXOX,1
OOXOXOOOOXXXOXXX,1
XXOXOXX XXOOOO O,1
OOXXXXOXXXOOOOOX,1
OOOX OXXXOOXX  X,0
XOO X OOXOXXOOXX,1
O OXX XOOXOXOX X,0
OOOXXO X OXX OXX,0
OXXOOOOOXOXXXXXO,1
XXXOX OOOOOO XXX,1
XXOXOOXXOXXOX OO,0
OXXXOXOXOXOOXXO ,0
OXO  XO OXXOXXXO,0
 O XOOX  X O XX ,0
OOOOXOXOXXOXOXXX,1
OO XXXX  X OXO O,0
OXXXXOOOXXOXOOXO,1
X XO  O  O XO  X,1
OXO XXOXOXXO XO ,0
OOXX X   OOOOXXX,1
XO X XXXOOOO XO ,1
XOOXOXOOOXXOXOXX,1
X  OOOOX    X X ,1
XOOXXOXXOOXOXOOX,1
OXX  OOOOXX  OXX,1
XOOOXXOXXX OOXOX,0
XXOXOO XO X XXOO,0
OXOXXOOXOX XXOOX,0
XOOOXOXXOXXOXOOX,1
OOX OXX OXXX XOO,0
OXOOXOXXOOOXXOXX,1
O XO XOOXXOXOOXX,1
OX XX OOX  OX XO,0
OXXX O XO  XOO X,0
 OOOXOXXOO XOXXX,1
OOOO  X XO XXX  ,1
XXOOXOOXXXOXX OO,0
OOX XXOOXXOOXXXO,0
 XOOXXOXOXOO X X,0
XOXXOOXOOOXOXXX ,0
  X   XOXXOOOOX ,1
XOXXOXXXOOOOXOOX,1
XOXOXOOXOOXOXXXO,1
OXOXX OOXX O XXO,0
OXXXXOOXOXXOOOOX,1
 OOOXXOXOO XX  X,1
 OXX X  OXOOOXX ,0
XOXXXXOOXOXOOOOX,1
  OO O XOX    XX,1
O OXOXXOO XXXX O,0
XO XXX   XO XOOO,0
OOXX XOXXOX  OXO,0
OOOO    XOXXOXXX,1
 OOOOXXXXOXX O  ,1
XX  OXOOOXX O X ,0
OX OOOOXXOOXXXX ,1
OXOXXOXOX OXXXOO,0
OX OOXX XOXXO OX,0
 O XO X  X XXO O,0
XXOXXOXOOOOOXOXX,1
XOX OXOOOXOOXXXX,0
XOXOO XX X OOX  ,0
XXXOOXOOXOXXOXOO,1
 OXXX  XOX OOOOX,1
OOXX OXX X O XO ,0
OXOXOO XXXX OOX ,0
 X XXOXOOXO X O ,0
XXXOXOOXOXO OXO ,1
OXOXXOOXX OXXXOO,0
XXOXXOOXOXOOOXOX,1
XOOOXOXXXX OXOOX,0
O OXOO XO XXX X ,0
 XOXOXOOXXXXOXOO,0
OXOXO OXXOXOXXOX,0
O X  XOXOOOOXX X,1
OOXX X XOXO XOOX,0
  XOOOOXXX   X O,1
OXOO XXXXOXO OX ,0
XOXX XOX XXOOOOO,1
OOOOOXXXXOXOXXXO,1
XOOOOXO OXOXXX X,1
OXOOOOXOOXXXXXXO,1
OXOOXXOOOO XXXX ,1
OOXXX XXOOXOOOXX,0
XXXXOXOOXOXOOOXO,1
OXOOXXOXXOOXXO X,0
OOXXXOOOXXXXOXOO,1
XOXOOOO X XX  OX,1
X O  OXOXXO OOXX,1
XXOOXXXOXXOOOOOX,1
OOXOXOOOXXXOXXOX,1
OXOXOXOXO XOXXXO,0
X  XOXXOOOOXXOXO,1
OOXOO XXXXXXOXOO,0
XXOXO XOXOXXOOXO,0
OOOXXXOOXXXOOXXO,1
OXOOOXXXXXXOOOOX,1
OXOXXXXO X OX OO,0
OXXO OXXOOOXOXXX,0
OOXXXXOOOOXOXXOX,1
XOOOO OOXXO XXXX,1
  OOOOXO X X X X,1
XOOXO OOXXX  XO ,1
 OOOOX X XOX   X,1
XXOOXOXXOXOOOXXO,1
XO XXX O X O XOO,0
XXOOXOXOXXOOX XO,0
 X OXOOXXO  X   ,0
OOOOXXXOOOX XXX ,1
 O XXOXOOX XXOXO,0
OXOXOXXXX OXOOOX,0
 OOX XXXOOXXXOOO,1
 OXXOOXXXX OOOOX,1
O X XXO XXOOOX  ,0
OXOOXOOXXXXOXX O,0
OOOOO XXXXX XOOX,1
OXOOXOX XOOXXXOX,0
XXOOXOO XXOXXOOX,0
OOOXXXOO XXX O  ,1
OXXOXXXOXOXOOOOX,1
XO OXOXOXOXXXOXO,0
XOXO  X O XXOO X,0
X OXXO OXOX X O ,0
OX XOX  XOOXXOXO,0
OXO  X OOOOX XXX,1
XXXOXOXXOOOX OXO,0
XXOX OXXOXOOOXOX,0
XOOXOO XXOOOXXX ,1
XOXX OXXOXOXOXOO,0
XOOOXOX OXX OXOX,1
 XOO XO OX OX XX,0
X  XXOXXX OOOOO ,1
 OXOXXOOOX XX   ,0
XOOXXXXXXOXOOOOO,1
XOOX OXOXXOOOXXX,0
OXOOOXOXOXXXO XX,0
 OXXOXOXOX OXOX ,0
OXOXXXXOXXOOOOOX,1
XOOOOXOXXOOXXXXO,1
 XX OOOOXXOXOX  ,1
OOOOXX O O XXXX ,1
XOO OOOOXXXO XXX,1
XOXXOXXOOOXOXOOX,1
X XXXOXXOOO OXOO,1
OXOOXXO XXXOOOXX,0
O XXOX OXOOXOXXO,1
XOOOOOX OXOXXXX ,1
XOOXOOXXOXX X  O,0
OOOOXXXXOXXXXOOO,1
XXX OXX XOOOO  O,1
  XOXOXOOOO X XX,1
 XXXOOXX OO  XOO,1
OXOXXXOOXXXOOOOX,1
   XOO XO XX  XO,0
OOXXXOOOXXOOXXXO,1
X  OXOOXO OOX XX,1
O  OXXOXOOXXX  O,1
XX OXOOOXXOXXOOX,0
OXOXXXOOXOXXOXOO,1
OOXOOOOXXXX OXX ,1
OXXOX XXOOXXOXOO,0
XXOOOXOOOX XXXOX,0
 XX OX OX XOOOOX,1
OOOOXXOXOXOXXXXO,1
  XOOOOX   X OXX,1
XXX  XOXOO O OOX,1
X OXXOOOXXOXOXOX,0
OX XOXOOXOOXXXXO,0
OOXOOOOXXXXXOXOX,1
 XOX XOX XOOXOOX,0
XOXOX XO X O X O,0
XOOOOXXOXXXXOOXO,1
XOXXOOOOXOXXOOXX,1
XOXXOOXOXXOOOX X,0
XOXXOOXOXXOOOOXX,1
  X OXXOX XOOOX ,0
OX   XX   X OOXO,0
OXXO XXXOOO XXOO,1
XOX X XXOOOOOXOX,1
 XXXOXOOXO OX OX,0
X  OOXXOXXOXOOXO,1
XOXOOXO XOOXO XX,1
OO X  OXOX XX XO,0
OXXOOX OXXXXOXOO,0
OX X XOOX OOXX  ,0
XXOXXOXXXOOXOOOO,1
X OX  OXOOOXOXXX,0
O OXXXX OXOOX XO,0
XOXOXXOXOOXOOXXO,1
XOXOXOXOXXXOOOOX,1
OX XXOOXOXOXOXXO,0
XOOOOX    XXX O ,1
  X  OXXOOX OXOX,0
XXOXOXOOOOXOXOXX,1
OXXOOXOXXXXOXOO ,0
OX  X   X  OX  O,0
XXXX OOOXOO OOXX,1
XXOXOOOO X OOXXX,1
OXO XXXOOXO  XXO,0
 OXOXOO XOXXOOXX,1
OX OXXOXXXOXOO O,1
OO  XOOOXXX X   ,1
 XOO X   XO  XOX,0
 XOXX OXXOX OOXO,0
  XOO XO XO X X ,0
OXXXXOOXXOO XOOX,0
  OOOO XX XOX X ,1
OXXOOXXOX XOOOXX,0
O OXOOOOX XOXXXX,1
XOOOOXXO      XX,1
 OXXOXOOXXXOXOXO,0
XOOXOXXOXOOOXX X,0
OXOOOXXOX XXXOXO,0
XOXOX OXOOX OOXX,1
XOOXOX XOOOXXXOX,0
XXOX OXXXOXOOXOO,0
XOOXXOOOOOXXX X ,1
XOXOXOOXOXXOOOXX,1
OOXXXOOXXXXXOOOO,1
 XO OOOOXXXOOXXX,1
OOX   X OX XXO  ,0
OXXXXOOOOXOXOXXO,1
 XOXOXX   XOOOX ,0
OXOOOOOXXX  XXOX,1
OOX XOOOXXOXOXX ,1
XXXOXXX  OOOOOXO,1
OXXXXOOOX  OXX O,0
OXXOOXXXOOXXXOOO,1
XXOXOXXOOXXOOOOX,1
XOOOOXXOOOXXXOXX,1
 OXOXX OXOO XXXO,0
X X O X  X OXOO ,0
OXOXXXOXOOOXXXOO,1
  OOXXXXXOOOOXOX,1
XOXOXOOXXOOXOXXO,1
OXXXO XOXXO X OO,0
O X XXOOOOOXXXOX,1
OOOXOXX  X XXXOO,0
X   OO OXOOXX  X,1
 XXO OXOO XX O X,0
OOXXOOXOXOOOXXXX,1
OXXO  XOOOOXOXXX,1
  XXXOOXO OXXOXO,0
XO X X  OOOO XX ,1
 XOXXOOOXXO XO X,0
XXO XX   X OOXOO,0
OXOXX XOOXOXX  O,0
 X O XXO OXXOO X,0
XOOOOXOXXXOOOXXX,1
 XOOXXOXXXXOOOXO,0
OXO OXXXXXOOOXOX,0
O XX OOX  OX XXO,0
OX O XXOXOOXOXOX,1
X XOO XXOXO XOXO,0
 OOXX X  X  X OO,0
 XXOO XXOXOX OXO,0
X  OXXXOOXOXOO  ,1
 O X  XOXXO X  O,0
XOOXXOOOOXXOXXXO,1
XOXX XOOX XOXO O,0
XOXOOX OXXXOOXOX,0
OXOX   X XOX OXO,0
XX   XOOOXOXX  O,0
XXOOOOXOOXXOXOXX,1
OXOOXXXXXXOOOOOX,1
XOOXOOXXXXO XOOX,0
 XO OXOXX   XXOO,0
XXOXOOOXXXXOOXO ,0
 XXOOOOXXXX OOOX,1
OXXXOOOOXOXOXXOX,1
XXXOOOXOXOOOXOXX,1
XOOOO XO XOXXXOX,1
XXOXOOOXXXX OOXO,0
XO OOXOXXOO OXXX,1
  OX X OXOO OXX ,1
OXO  XOXOXX OOXX,0
OO X   XXOXOXX O,0
XO XXOXXOOXOOXOX,0
 X O XOO XXOOX X,0
O OX XOXXXXOOOOX,1
OXOXO OXXOXOXOXX,0
OOXOXXOOX XOXXXO,0
OOXXXOOO XX XXOO,1
XXO X OOXO OOX X,1
XXX XOOXXXOOOXOO,0
XXXXOOXOXOOOXOOX,1
XXXXOXOXOOOXO OX,0
OX XXXXOX OOXO O,0
XOXXOOOXXXOOXOOX,1
 XXXOOX XOOOO  X,1
OOOOXXXOOXOXXOXX,1
XXXO OO OOXOXXOX,1
X XXOXO  XOOXO  ,0
XOOOX XXX XOOOOX,1
XX  XOOOOOX  OXX,1
OXXXOXO XXOOXOXO,0
OXXOXOOOOXXOXOXX,1
OXXX OXOOX O XXO,0
XXXOOOXOXOOXXOOX,1
OXXXOXOXOXXOOOOX,1
XOOOXXXXOXXXOOOO,1
XOOXXX OOXOXXOOX,0
OXOX XXX O XOOXO,0
XXX  OX  OXOOXO ,0
 XOX O XO XOXOX ,0
XOXOOXXXXOXXOOOO,1
 XXOOXX OXOOOX X,0
 XXO XOOOXXOX OX,0
OXX OOXX O X OX ,0
 XXX  OOXOOXOXO ,1
XXXOOX XOOOO   X,1
XOOOOX XOXOXO XX,1
XOXOOXOXXOOXOOXX,1
XXOOXXXOOOOOOXXX,1
 OXOXXOXXOXXOOO ,1
O X   XOOX OX  X,0
OX   XOOOO XXXOX,1
XOX OXXOOOXXOXXO,0
OXXX OOOOXXOXX O,1
 XOXXOOO OXXOOXX,1
XO  XOXXXOXOOOOX,1
X  XO OXXO XO XO,0
  XXXO OOOOX X  ,1
XOXOX OOXXXOXOXO,0
OXOOOXOXOOXX  XX,1
XXXOXOOOOXOO  XX,1
XXOXOO XOOOXXOXX,0
XOXOXXXXXOOOXOO ,0
 XOOOOOXX XXX O ,1
OXOXXXXXXO  OOOO,1
X X  OX   XOO XO,0
XXOOOOOXXXXOX O ,1
  XOOOOXXXXOOXOX,1
OXX XOOOXXO OOXX,1
OXOXXOXO XXOOOXX,0
OXOXOOOOXXXXOXOX,1
X  OOOOX  XX  OX,1
 OXO XXXXXOOOOOX,1
XOOXXXOOXOXXOOXO,1
  X OOOO  X   XX,1
O XOOOX OXX X  X,0
O XOOOX XOXXXO X,0
OOOO XXXOXXXX OO,1
OXOX XXXXXOOOO O,1
OXXOXOXOXOOXOXXO,1
XXO OXX   OOOOXX,1
XO XXX XOOOO OX ,1
XO XOXXOXXOXOOO ,1
OOXX X XXXO OXOO,0
XXXXOXOOOOX  O  ,1
XXOX OX X  XOOOO,1
X X X  OOOO XX O,1
XXOOOXOOXXOXOXX ,0
XXO OOOOX XXOXOX,1
XXXXXXOOOX OXOOO,0
XO  X X   XOOOOX,1
OOXOXOOOOXXXOXXX,1
OXXOOXXO XXXOOOX,0
XXOXXO XXOOXOOXO,0
XO XOXXXX OOXO O,0
XXXXOOXOOOXOO XX,0
XOOOOXOX XXXX OO,1
 OOX XX OOXOXOXX,0
XOOXOXOOXXXOOXXO,1
OXOX XXO XXOX OO,0
XXX XOXXOOXOOXOO,0
XXOX OXO OOOOXXX,1
 OOX X X  XOO X ,0
XOXOOOOXXOXXOXOX,1
XOXXXOOXO OXXOOX,0
XXOOXOOXOXOXXXOO,1
OOXXO XXXXOOXOXO,0
 XXXOXXOOO OXOOX,1
 X OOXOXX XOXOOX,0
X OOX  XXO  XXOO,0
OOOXXXXXOOXOXOOX,1
XXOXOOOOXOXXXXOO,1
OXXXOXOOOX XOXXO,0
O OXX OX XXXXOOO,0
X  XOO XO XXO XO,0
O OXOXXXXXOOXXOO,0
   O XXO OOXOXX ,1
XOOOOXOXOXXXXXOO,1
 X XOOXXXOOO X O,1
XX OOOOXXX O XO ,1
XO OX OX OX O X ,1
XOOOOX      XX  ,1
 XX  X OX O OO  ,1
XO X  OXXXXOXOOO,0
OOOXXOOXXXOOXOXX,1
O X XXOOOXOXXO X,0
XXXXOXXOOXXOOOOO,1
XOXOXXOOOOXOXXXO,1
X  XX  OX OOOO X,1
OOXXXXOXOXO XXOO,0
 XXXXOOOX XOXO O,0
XXOOXOO O X X XO,1
 OOX  OX X XOXXO,0
XOXOXOOXO XOX XO,1
 OXXOXXOOOXOXOXX,0
XOOXXOOOXOXXOXXO,1
OXXOXOXXOOX OOXX,0
XOOOXXOXXXXOOOOX,1
  XO XO X O X XO,0
OX OOXXO XXXXOO ,0
 XXOX XOOOOXX  O,1
 XOXOX  XO  XO  ,0
XXXOXOOOOXOOXXXO,1
  OOXXOXXXOXOOXO,1
 XOOX OXOOXO  XX,1
XO OXOOOXXX X OX,0
OXOXXX OOXOOOXXX,0
XXXOOOOX XXOO OX,1
X OOXOXOXOXXXXOO,0
X OXXOXOXOXOOXXO,0
 OX XOXXXOOXOXOO,1
XOXXOOXOXOXOXX O,0
OOXOOXOOXXXXX XO,0
OOOO XXXXOOXX XO,1
XXXXOX OOXXOOOXO,0
 XOOOOXO XOXX X ,1
OXXXOXXOXOXOOOX ,0
  OX OOXXX X OOX,0
 OXO OXXOOXX  X ,0
 O OOOOXXXXXOOXX,1
OXX XOOXXX OX OO,0
XOOOOXXOXXOOXXOX,1
OXOOXOXXXXXOOOOX,1
XOXXOOXOXOOXXOOX,1
X XXX  OO O OOX ,1
OXOOXOXOOXOOXXXX,1
OOOO XOX X X OXX,1
OOOO  XOXXXOX  X,1
XXOOXOO XXXOOXXO,0
XXOXOXOXOOOXX XO,0
XO XXXOO OX OO X,1
XOXO  X XOXOOOXX,0
  XOOXXXOOXXOX O,0
O XXO  XOO X OXX,0
OXXXXOOOOOOXXOXX,1
OOXOXOOOXXOXXXOX,1
OXXXOXOO OXOOXX ,1
OXX OXXXOOOXOXXO,0
 OOOOOXX X XXO X,1
OOOXOXXXOXOX OXX,0
OOOOOXXXXO XXO X,1
OO XXXXX X OOXOO,0
   XXXOOOOX  X O,1
OOOOOXXXXOXO  XX,1
XOXOX  O OO OXXX,1
OXOO X XOXX  OX ,0
O  XXXXXO  OOOOX,1
OXOOOXOXXXXX OXO,0
X XXXXOOOXOXOXOO,0
 OX OOX XOXXOXOX,0
OXX OOOOXXX OOXX,1
X  OXOOXO OXO XX,1
 XXXOOX XX OOOO ,1
XXOOOOXXOXXXOOXO,1
OOOOOXXX XXXOOX ,1
  XOOXXXXXOOXOO ,0
XX  OXXOOXXOXOO ,0
XOXXXOOOOXXOOXOX,1
OXO OXOXXXXOXOOX,0
XOOOO XXXOXXXO O,1
XXOXOXOOOXOXOOXX,1
XOOXXOXXO OXXOOX,0
 OX  OX   XO  X ,0
X XOX OX XO OOXO,1
 XOO O XO OXXXXO,1
XXXOOOOOO OXX XX,1
OOXXOOOXXOOOXXXX,1
OXO X XXXXOOXOO ,0
OXOXXXOOXOOXOXOX,1
  O XOXX XOOOOXX,1
X XXOX O XOOOXXO,0
XOOOXOXXOOXXXOOX,1
OOXOXOXXX OX  OX,0
XOOXOOOXXXOOOXXX,1
X  OXXXOOOXXOO X,0
 X  O  OX OXOOXX,1
XXOOOOXXXOX O OX,1
  XOXOXX XOOXOOX,0
XOOOOXOOXXXOXXOX,1
OXXOXOX OXXXOOXO,0
XOOOOXXOOXOXXXXO,1
OXOXXOXO XOX XO ,0
XOOOXXXO XOXOOX ,1
OXOXX OXOXXOOXXO,0
XOXXOXXXO OXOOXO,0
XX OOOOXXX XOOOX,1
OOOX XOO OXXXXOX,1
OOXXXOOXXOXXOXO ,0
OOOXX XO X XXO  ,0
OXXXOOXOX XOOX  ,0
OOOXXOXOXOOXX X ,1
OXXXXX OOOOX OOX,1
OXXOXXXXO XOOOXO,0
XXOOXOXXOOOXXXOO,1
 X OOXO  X X XO ,0
OXXX XOXO  XOOOX,0
OOOOXXXO  O XXX ,1
X XXXX OOOXO OO ,1
  XO X   XOOX   ,0
XXXOXOOXOXOXOOOX,1
OXXXXOOXXXOOOOOX,1
  OXXOXXOXOO XOX,0
XOOOOXXOXOXXXOOX,1
XXOOOOXOXOXXOOXX,1
OOXOXXOXXOOXOOXX,1
XOOOXXOXXOOXOXOX,1
XXOXXO XOXOXOOOX,0
OXOOXXXOXXOO X  ,0
OOXOOXXXX OXXXOO,0
XOOXXXXXOXOXOOOO,1
 X X XOO XOXOOOX,1
OO X   XOXX X O ,0
 OOX XXX XXOOXOO,0
 X XXOO XOXOXXOO,0
XOOOOXOXOXXXOOXX,1
XOXXXOXOXOOXOOXO,1
XOX OXOOOXXXOOXX,0
OXOOOXOXXX OOXXX,0
XOOO OXXOXXO X  ,1
  X  X XOXO OX O,0
OOXXXX OOXOXX  O,0
XXOOOOXXOOOXX  X,1
 XOXXOOOXOX X OX,0
XOXXOOOXOXOOOXXX,1
XOX  XO OXXOX  O,0
XXXOOOOXX OXO OX,1
OXXOOOXOXOOXXOXX,1
 XOXXXXOX O OO O,1
O X XOXXOXOX OXO,0
XO X  OOOOXXO XX,1
O XOOXXXXXOOXXOO,0
XX O OOXX O OOXX,1
   X O XXOXO X O,0
XXXXOOOOXOXOXXOO,1
OO X O X  XX X O,0
XOO XOOXXXXXOXOO,0
 X O XXO  X  OXO,0
O XOOX OXXX OXOX,0
XXOOOOXXXOXOOXOX,1
 XXX OOOO OOXXX ,1
O OXXXX  XO OXO ,0
X  XXOO X O X O ,0
XOXXXOXOOOOOXXOX,1
OOOXX X O XOX X ,0
X OOXOOOXOXXXOXX,0
 XXOXXX XOOXOOOO,1
XXXXOXOXOOOO  OX,1
OXXX OOXO OOXXOX,1
OXOXXOOOXX OXOXX,0
 OOOO     XX  XX,1
  OXOOXXXX XOOOX,0
OOXOOOOXXXOXXXXO,1
XX XXOXOOXOXOOO ,1
OOX XOX XXO XOOX,0
OOXOXOXOX XOXOXX,0
XO OXOOOXXOOXXXX,0
    XXXX OOOO   ,1
 OOXOXX   XXOO X,0
OOX  OXO XOXXXOX,0
X OOXXO XOOOXXX ,0
 X OOXO  XOXX XO,0
XXX  OOXOXOOXXOO,1
XOXOXOOXOOOXXXXO,1
XOX  OXXXXOOOOOX,1
 OXOOXOX XXOX XO,0
XOX XOOOXXX O XO,0
XXXXXOXOOOO  OOX,1
OO XXOOXXXXOXOXO,0
XOOXOXOXXOOOXOXX,1
 XO XXXOOOOOXXOX,1
XXXOOOXXOXXXOOOO,1
 X OX XXX  OXOOO,0
XXX OXXXXOO OOOO,1
O XOXOXOOOO XXXX,1
  OXOOOXX X XX O,0
OOOXXXOXOXOXXXOO,1
XOXXXXXOOXXOOOOO,1
XOXOOXX OOXXXXOO,0
  OX  OXO XOXOXX,0
 OXX XO XOO X XO,0
OOXXXXOOOOXXOXOX,1
XXXOXXOOXOXOOXOO,1
O OXOXOXOXXX XO ,0
XOOXXOXXOOOXXXOO,1
XXOXO OX OX OOXX,0
OOXO X OX  XX   ,0
XXXXXO OXOOXXOOO,0
O  XO OXOXX XOX ,0
OOOOOXXOXXXOXXXO,1
OOXOXXXOOXOOXX X,0
XXXO  O  O  O  X,1
XOXOX   XOO XOX ,0
O XOOOX OX  XX X,0
XOOOXOXOOOXXOXXX,1
 OXOXXOOOXXXXOXO,0
OOXXXOXOOXO XXXO,0
OOOXX XO X  X   ,0
OXXOX XXXOXOOOXO,0
  O OOX XOOOXXXX,1
O XOXXXOXOOOXOXX,0
   XO XOXXOX XOO,0
OOXXOOXX  XO XOX,0
OO OXOO XX  XOXX,1
XX XX  OO OXOO  ,1
OXX O XX XOOXXOO,0
XOXOXXO XO XOOXO,1
   X OX OX  XOOX,0
 XXXOXOO XOXOOOX,1
OOOOOO XOXXXXXX ,1
O XXO XOO X XOX ,0
XX O XXOOOXO X  ,0
XOOOXOXOXXXX OXO,0
XX XOO XOOX   XO,0
OOX XX OOXX  XO ,0
X OXX XOOXOOOOXX,1
XXXXXXOOOOOOXOOX,1
OXXOXOXXOOOX XOX,0
XO X XOXOOOXOXX ,0
XOXXOOOX XOXOXXO,0
XOO X OOOOXXXOXX,1
X XXXOOOXXOOOXXO,0
XXO  XOXOXO X O ,0
XXXXOOOOXOXOXOOX,1
OOXXOXXOXOOXOXXO,1
XX XOX OOOOOXX  ,1
XOOXXO OXOXXXOXO,0
XOXX XXOOOOXOOX ,1
XXOXO   XOOOOXX ,1
 XOOOOXOXOXX XXO,1
OXXOXXXOOXXOXOO ,0
 X XO XOOXXOXOXO,0
O X XOOOO XXXXO ,1
OXXXOOXXOO XOXOX,0
OOOXX XOOXOXOXXX,0
OX OXOXXXXOXOOOX,0
XXXOOOO X  OXXO ,1
OXOO XX XOXX OOX,0
OOOXOO XO X XXXX,0
OXO XOXOXX O X  ,0
XOOXOOOO XX XXOX,1
XXXOOXXOOXOOOOXX,1
OXXOOX O XXOOX X,0
 OXX OX XXXOOOXO,0
OXXOOOXXXXOOXX O,0
X XXX  XOOXOOOXO,0
XOXXXOOOXOOXOXOX,1
OOOXOXXXOOX XOXX,0
 X XX  XOXOOOO  ,1
XOXOXXOOXOOXOXXO,1
OOXOXOXOXX OXXOX,0
 XXX XXO OOOOX O,1
X OXO  X O X OX ,0
OOXXXOXOXOOOXOXX,1
XXOXXOOXXXOXOOOO,1
XXOOOOXOOOXXOXXX,1
 X OOOO XX XX O ,1
OXOOOOXXXXOOXXOX,1
XO X  XO XO OXXO,0
OOXXOXOXXXOXO XO,0
OXOX  XOXXO  XO ,0
XXOO OO OXOX  XX,1
OOOOXXOXXXOXXOOX,1
 X OXXO X  OXOOX,0
OXXXOOXO X OOXX ,0
  XXO  XO X O XO,0
OOXOXOOXXXXOOXOX,1
OO XO  X   X XOX,0
XXXXOXOOXXOOOOXO,1
OXXXOOOXOOXXXXO ,0
X XOOXXOO XOXXO ,0
 OOXOOOOXXXO XXX,1
  XXOXXOOOX OOXX,0
  X OX XOXO  X O,0
OXX OOOXXOOO XXX,1
X  OXO  XXXOOX O,0
 X XOOXXOOX XOXO,0
OOOOOOXXXXOXXOXX,1
XXXOOOXX OOXX OO,1
OOOOXXXOOXXXOXOX,1
OXOOXOXOXOXOOXXX,1
OXXXXOXOOOOOXXXO,1
  XXX XXOO   OOO,1
XOX  OXOXXOOX XO,0
 XOXXOOOX  XXO  ,0
 X O XXXO X OXOO,0
OOXXOXXOXOOXOXXO,1
O XXO XXOOXOXOOX,1
OOXXXOXOXOXOXX O,0
 OOOO  XXXO X  X,1
OXOOOOXXXXXXOXOO,1
  OXXX OOOOXXX O,1
OXXX X XOOOO  XO,1
X XOOXXOOOXXXOOX,0
X  X X OOOOO X X,1
 X  XOOOOX  XX O,1
XXX OOX OXOOX XO,0
OOX XOXOXXOOOXXX,0
XOXXOXOOXXXXOOOO,1
OOXOXXXOOOOXXOXX,1
OXXOOOXOO XXX  X,0
OX OXXOOOXXXXO  ,0
O XX XOOXOXXOOXO,1
XXOOXOXOXXXXOOOO,1
XOOOXO XXXOXXXOO,0
O XX   X  XOOXO ,0
OOX O X  X O XX ,0
XOOOXXXO XO OXX ,0
XOXXOOOXXXOOXOOX,1
 O XOOXXOX XX O ,0
XO  XO  X   X O ,0
OXX OOXXOOOXXOXX,0
  XXOO XOOXX  OX,0
XXXOOXXOOXXXOOOO,1
XX X OOO O XO  X,1
OXXXOOOXXXOXXOOO,1
O XOXXXO OOXOXOX,1
OXOXX XXXX OOOOO,1
XXOOXXOOOOXOXXXO,1
OX OXXOXXXXOOOXO,0
XXOXXOXOOXXOXO O,0
 X   XOXOXO XO  ,0
X XOOOX O XXXOXO,0
   XXOOXOXOXO X ,0
XOX  X XXOOOXO  ,0
  X OOXXOXOOOXXX,0
XOX XOO XXXXOOOO,1
OX O XOXOXOX XXO,0
O  XOOXX XX OXO ,0
XXOOXXOXOOO O XX,1
OXOOXXOXXXOOXX O,0
XOOOXXXXXXOOOOXO,1
XOOOXXXO OXXOXXO,0
XOXOXOOOO X XOXX,1
OOXX XX X OOXOXO,0
OOX  X XXXOO X O,0
O XOOX OXXO OXXX,0
XOXOO XXOOXOXXXO,0
OXXXO XOOXXOOXOX,0
OXXXXXOOXXOOX OO,0
OXXOXOXXOOOO XX ,1
 OOOO X X  X XXO,1
   XO X XXOO X O,0
OXOXXOOXOOOX XXX,0
XXXO  X OXXOOOO ,1
XXOO XO OXX OXOX,0
OXXOX XO XO OO X,1
OOXOOXXXXXXXOOOO,1
X O XO  XXX OXOO,0
XXOOOOXXOXXXXOOO,1
   XOXX OXO X  O,0
XXXOX XOOXOXOOO ,1
OXXXXOXO OXO  XO,0
O OXXO XO OX X X,0
XXOXXXXOXOOOOOXO,1
XXOXXOXXOXOXOOOO,1
OX OOX   X  X   ,0
 OOXXXXOOOXO X X,0
O XXOXOXOOXOXXOX,0
X XOX O OOX XXOO,1
O XOX X XXOO X O,0
X XOO XXXXOOOX O,0
XOXO XOXXXXOOXOO,0
OXOXOOOXX XOXOXX,0
OO XOXOXXXXOXOXO,0
XXXOOX XXO XOOOO,1
OOXOOOXXXOXXO XX,0
 OXXXOXOOOXOXXOX,0
XXOOXXOOXXXOO XO,0
XXOXXOOXOXOXOXOO,1
OOOOXX XX X XOO ,1
XXXXOOXXOOOO O X,1
OXOOOOXXXXXXOOXO,1
OOXXXXOOX XOXOOX,0
 XXOXOOOOOXX XXO,1
O XXXXOXXXOOOXOO,0
O  X   XXOOXO X ,0
 XOOOXOXXOOXXXOX,0
XOOXOXOXOOX XXOX,0
 XX OXOO OX OXOX,1
 XXOOOX OXOOXX X,0
XOOXXOXXOOOX OXX,0
OOOOOXXOXOXXXOXX,1
XOOXOXOXOO X X X,0
O X XX OXXO OO  ,1
OXOOXO OXXOXXXXO,0
XOXXO  XOOXOXOOX,1
XOOOXOOXXXOXXX O,0
   OXX OOOOOXXXX,1
  OXO XO  XXXOOX,0
OXOOXX OOXOXXXXO,0
XO OXX OOXX X  O,0
XX  OXXXOOOOXXOO,1
 XXXOOXXOXXOOOO ,1
XXXOOOO XXX OXOO,1
OOOOXX     XX   ,1
   X  X OOXO  X ,0
XOXOOOOXXXOXOXOX,1
X OOOOXXXO XOX  ,1
OXXOXOOXXOXOOXXO,1
OXOOXX OOOOXX XX,1
OXOOXXOXOXX OXXO,0
   X OX OOXX XO ,0
XOOXOXO XXOOX   ,1
OXOOXXXOXXXOOOX ,0
OXXOXOX  XO XXOO,0
O XXOOXO XXX XOO,0
OXOXXOOOXXXXOOX ,0
 XX  OXOXXOO X O,0
XOOOXOXOXXXXOO X,0
 OXX XO OXX OOX ,0
XXOOOXXOOXX OOXX,0
XXXXOX  OX OOXOO,0
XOX OXXOXOX OX O,0
OXXXOOXXOOXXXOOO,1
OXOOXXXXOXXOXO O,0
 OOXXXOO OXOOXXX,1
OXXO OXXXOOOO XX,1
XXXO OXXOXOOXXOO,0
XXXXXOOOOXOXOOXO,1
XOXXXOOXOOOOXOXX,1
XOOX  XXOOX OXXO,0
X XOOOOX  X OXXO,1
XO OX  XX XXOOOO,1
XXOO OXXOO OOXXX,1
 XXOOX OOXXOXX O,0
X OOOO     X XX ,1
XO XXX   OOOOX  ,1
XOOOOXXXOXOXOOXX,1
OXXOXXOXXO OXXOO,0
OOXOXOOOXXXXOXOX,1
XO XO XXOOXXO OX,0
XXOXOXOXOXXXOOOO,1
OXXXOOOXXXOOXXOO,1
OXXXO XXXOXOOOO ,1
OXX XOXXO XOOOOX,1
XXOOXXXXOOOOOXOX,1
OXOXO  XOXXOX OX,0
XOXXOOOOXXOOXOXX,1
 X   X XXOO OXOO,1
O OX XX OXXXOOXO,0
OOXOXXOXOXO XOXX,0
XOOOXOXOOOXXOXXX,1
XOXOXOXXOOXXXOOO,1
OOXO OOX XOXXXXO,1
OXXXXOXXO XOOXOO,0
X XOO XXXOOOOXOX,1
XOOOXOOXOXXOXXXO,1
OXOOOO OXX OXXXX,1
 XOOOOX XX    OX,1
XXOXOOOOXOXXOOXX,1
XOX OX OOXXOXOX ,0
XXOXXXXO OOXOOO ,1
OXOOXOXOOXXXXOXO,1
  X  O XXOOOOX X,1
XXOXXO X  OXOOXO,0
OXXOXXXOO XOOOXX,0
OOXXOOOXXXOOXXXO,1
X OXOOX O XXO  X,0
OOOOX XXX XXOOXO,1
O OXXXXOOOXOXOXX,0
OOOOXOOXXXXOOXXX,1
XX O OXXOOXXXOOO,1
O OXOOXOX XXXO X,0
XXOOOOX  O  X X ,1
XOXOOX  XXXOOX O,0
XOOXOOXXOOOOXXXX,1
 X XO OXOOXOXX  ,0
X XO XOXOO OXO X,1
OXOX OXOXXXOOXOX,0
O XXXX OXOOXOOXO,1
OOOOOXOOXXXXXXXO,1
X XX XXO XOOOXOO,0
XOX OX X  XXOOOO,1
XXOOOXXOXOXXO OX,0
XXXOXOOXXXXOOOOO,1
XXO XX OXOOOOXXO,1
OOXXXXO XXOOOXXO,0
 X  X   X XOXOOO,0
XXOX XXOOXOOXOOX,0
OOX O X  X XX  O,0
XXO XO XXO OX O ,0
XOX  OXX  XOOXO ,0
X XOOXXOXXXOOXOO,0
X OOOOOXO XXX  X,1
OOX XXO  X XX OO,0
OOOXOXXOXO OXXXX,0
OXXOOOXXXOXXXOOO,1
XXOO OXOXOXXO XO,1
XXXXXOOOOXOOXXOO,1
OX   X O XXXOOOX,0
O OOXOXXXO XO X ,1
XO XXX  OOOO X  ,1
XXOOOXOX XO  XOX,0
XOX OXO  XO XX O,0
OOXOOXXXOOXXO XX,0
OXOOXXXOXXXOOOOX,1
XXXXX OOOOXO OOX,1
XOOXOXXOO XXXOXO,0
XXOXOOOOXXOOOXXX,1
XOOOOXX XO XXXOO,1
    OOOOX  X XX ,1
X   OXXO OO OX X,1
 OXOX XO X XX OO,0
X OOOOOXXXXXO OX,1
OOOX XOOXXOXXX O,1
O XOOOOOX X X XX,1
OXOOOOXXXXXOOOXX,1
OXXOXXOXXXXOOOOO,1
 XXXOXXOOXXOXOOO,0
  OXOXX O XOO XX,0
OOX XXOO X OXOXX,0
OOX XXO XO XXXOO,0
X  X   XOOOX O X,0
O OXXXXOXOO OXOX,1
XOOXOO X   XX OX,0
 XXXXOOXOOOXXOXO,0
XOXO OOXOX OX  X,1
OOOXXXXXOOXXXOOO,1
 X XOXOOXO OX X ,0
OOOO XXXXXXO   O,1
OOOXOXXOXXXOXX O,0
XXOXOOOOXXOOXOXX,1
X   XOOOXXO XOX ,0
XXOO X  OXX  XOO,0
OXOXOXXXOXOXOX O,0
OXXXXXO XO OOOOX,1
XO XXO XX XOOOO ,1
O  XOOOXXXX X O ,0
XX  OXO  XOOXX O,0
OXOOOOXX XXX OXO,1
X OXXOOOOXOX OXX,1
X OX  X  XOOXOOX,0
OOOXOXOX  XXO XX,0
XOOXXOXOXOOOOXXX,1
XOOXXOXOXX OOX  ,0
XXOXXOXXOOOOXOOX,1
  OX O XO  XOXX ,0
XO OXXOXOX  XOXO,0
 OX  OXXOXOXXO  ,0
XXOOOXXXOXXXOOOO,1
X   OXOO OOXOXXX,1
XXXOOOOXXOOXXXOO,1
XOOOXOXXXO OXXXO,0
OXXXOOXX OOXXOOX,0
XO OXOXOX  XXXOO,0
XXXXXOXXOXOOOOOO,1
   XXXOOOOOO XXX,1
OXOXX OXX OXX OO,0
XX OX XOOOOXOXXO,1
OXXOX X OXXXOOOO,1
OX OXXX OX OX  O,0
OXXO OXXXOXOOOXX,0
 OXX  XOO XX OXO,0
OXOXXOXOOOOXXOXX,1
OXOOX OOXX XXX O,0
OO X   XO  X  X ,0
XX OXX OX OOXXOO,0
 XOXOXXXOXOOX O ,0
OOXXXOXOX XOXXOO,0
X XXXO  OOOXX OO,1
XOOOOXXOXOOXXXXO,1
XXOOXXXOOOXOXOOX,1
  XOOX O XO XX  ,0
OOOOOXXXOOOXXXXX,1
XX OOX OXXO XXOO,0
OOOXOXXXO  X XOX,0
OX O OOXOXXOOXXX,1
XOOOOX  XOX  X  ,1
OXOXO OX XX OXOX,0
 OX  XXXXOX OOOO,1
XXXXOOOXXOX OOXO,0
OOX XXX XOXOO XO,0
OOXXXOXO OO XOXX,1
OXOOXXOXOOXOOXXX,1
XXXOOXO OOOX XXO,1
OXOXOOXXXOXXXOOO,1
XOXXOXO  XX OXOO,0
OXOOXXXXXXOOOXO ,0
XXXXXXOXOOXOOOOO,1
XXX  OOOXOO OXX ,1
XXOOXX XXOOOXOXO,0
OOOXXOX O XO XXX,0
X  XOXXOXOXOOOOX,1
OX OOXO OO XX XX,1
XX  OX   X  OXOO,0
  XOO XXXOOX OX ,0
XXX O  XXOOOOX O,1
  X OOXO OO  XXX,1
XOXOXX OXOOXOXO ,1
XOXX OXO  X OX O,0
OO XXXXXXX OOOOO,1
X XOX OOXO XX O ,0
OXOX OX OX X XO ,0
XXX XXOOXO OOOOX,1
XO OXXO XXO OXOX,0
XXOXXOXOXXOOOOXO,1
XX  O  O OOXOX X,1
XXOOXOOXOXXOOXXO,1
XXXO XX X  OOOOO,1
 OOXOXOXOXXXOOXX,0
XXX O OOOO  XXXO,1
  XOOXX   X O XO,0
XOXOOXXOOXXX XOO,0
XOXOOXOXXOX XOXO,0
XOXOOXXXOOOOXXOX,1
XOO XXO X OXXOOX,0
OXOOX X XOXOXO X,0
XXXOX  XXOO XOOO,0
XXOXOXOOOOXOXOXX,1
XOXOX XOXOXXOXOO,0
X OOXXXO XOXOXO ,0
X  XX  OOOXOXOOX,1
OXOXXXXXOOOXXOOO,1
OOXX XOXXO X OOX,0
 X OX XOX O OOX ,1
XOOXOXOX XXOXOXO,0
XOXOXXO OX X XOO,0
O OXXOOXOXX  XOX,0
 XX  OOOO OXXXXO,1
XO XXXOO XXO XOO,0
XOOXXOXXXXOOOOXO,1
XOOOOXXOXX  OOXX,1
 OOOO XX XXX OOX,1
X XXOOXOOX OXO X,0
X OXOXOX XXO XOO,0
 XXOXOXXOOXOOXOX,0
OXXX OXO  XOOOXX,0
XOXXX OO OOXO X ,1
OXXXOOOXXXOOOXXO,1
OXOXXOOXOXXXOOX ,0
XO XOXOXXXOXOOXO,0
OXXOXXXOXOO XXOO,0
  XOXXO X XXOOOO,1
XXOXXXOOOOXOOOXX,1
XXOXOXO XOOOOX X,1
 XX XX OX OOOOXO,1
OOX XX O XOOXXOX,0
  XOXXXXXOOOOOXO,1
OOXO XOXX OXXX O,0
XOOOOXXXOXOXOX  ,1
XOOXOOOXOXX  XX ,0
OXXOXXXOXOOXOOXO,1
XXOO XO XXOXOO  ,1
OXXXO OXOOXOXXOX,0
OOXO OOX OXXXOXX,1
O XOXXO  O OOXXX,1
OXOXOXXXXOOXOXOO,1
XOOXOO XO XOXXX ,0
XOXOOXXXOOOXXXOO,1
   XOOOO X OXXX ,1
 OOXXO XO  X  X ,0
OX XOXXXOXOOXOXO,0
OXXX OOXOXXOOXXO,0
X X O XOXXXOOOXO,0
 XXXXXOXOOOXOOOX,0
  OX   XO  XOXXO,0
XOOOXXOXX X XO O,0
XOXXOXOOOXOXOX X,0
OOOX  X X X  X O,0
X XXO XOXXOOXO O,0
OXXXOXOXXXOOOOOX,1
O XXX XOOX OOX  ,0
 X XXOOXOOOOXXXO,1
XOOXOXOOXXOOXOXX,1
XXOXOOOOXXXOXOOX,1
X  O OOXOXOX  X ,1
O X X X OXXOOOOX,1
  O OO OXOOXXXXX,1
X OOOO OXXOXXXOX,1
XOXXOXOXXOOX OXO,0
OXOOXX XOXX OX O,0
XXOXOO  XOXXXOOO,1
O OXOXXXXOOXXXOO,0
XO  XXXOX   XOOO,0
 OOXOXXOOOXXXOXX,0
 XOOXOX XXOXX OO,0
OXXXXO  OOOOXXXO,1
XOXOOXOXXOXXOOXO,1
XXXOX O XO OO OX,1
XXXOOOX   X OX O,0
O  X   XOOOX XX ,0
XXXX XOXOOXOOOXO,0
OOXOOXOXXOOXOXXX,1
OXXXOXXXOOOOXOXO,1
XOOOXXOXXXXOOOX ,0
 XOXOOXOXOO  XX ,1
 O XXOOXXOXO XOX,0
  XXOXOXXOXOOX O,0
XOXX O XO XOXXOO,0
OXXX OXXXO XOOOO,1
X  OXXO OO XOOXX,1
XOOOOOOXXXXOXXXO,1
 XOXXO OXXX OOXO,0
 XOXO  XOXXOXOXO,0
  XX   XOOOOOX X,1
OOXXXOOXXOOOXXOX,1
XXXOXOO O X  OXO,1
X X OOXOXOOX OX ,1
OXOXOXOOXOXXOXOX,1
XOXOXOOOOXXXXXOO,1
OXOOOX XXXOOXXXO,0
OOXXXXXOOOXOXOOX,1
XOOXXOOXXX XOOOX,0
OOOX XXX OXOOX X,0
XXXXOOXOOXXOOOOX,1
XO OXOOXXOXXXXOO,0
XOOOOXX OO  XXX ,1
OX OOXXXXOXOOXOX,0
XXOO X OOXXX XOO,0
OX OXOOXOX   XOX,1
OO O OOX XXXXO X,1
OXXX OOOOXX XOOX,1
X OO O XO X OX X,1
XXOXOOXXXOXXOOOO,1
OXOXXX  OOXXXOOO,1
OOXOOOOXXO  XXXX,1
XOOOXXOOXX XXOOX,0
OOXXXOOOOXXOOXXX,1
XOOOOOXOXOXXOXXX,1
OXOOXOXOOXXXO X ,1
OX OXXOOOXXOOXXX,0
XXOOXOXOOXXXOO  ,1
 XXOOOO  X XO X ,1
O XOX OOXOXOOXXX,1
  OXO X XX O XO ,0
X O XXOOOOX X OX,1
OOXOXXO  X X X O,0
OOXXXOXOXOOXXOXO,1
O XOXXO OXX O X ,0
OX XOXXOOXOXOXXO,0
 XX O X XXOO XOO,0
XOXXXOXXOXOXOOOO,1
XXOXO OXOXXOOXOX,0
OXXXXOOOOXXOOXOX,1
XOX OXXXOOXOXXOO,0
XOX OXOXXXXOXOOO,0
XXOOOXXXOOXOOXX ,0
XOOOXOOOOXXXOXXX,1
O XXXOXXXOOXOOXO,0
X XXOOOXXXOOO OX,1
 XXOXOO XX  XO O,0
XX OXXXOXOOOOXO ,1
XXOXXOOXXOO XOXO,0
XXOXOXOOXOX XXOO,0
X XXXOXXOOXOOOXO,0
XXOOOOOXX X XXOO,1
XOOXOOXO  XX   X,0
 XXXXXOOXOO OXOO,1
 OX  X  X O XO  ,0
XOXOOOXXXOOXXXOO,1
OXOOXOOXOOXXXXOX,1
 X XX OXOOXOOXXO,0
XXX OOXXOXOOXOOX,0
XOXXXXOOOOOXOXXO,1
 OOXO OOOXXXXXXO,1
XOOOXOXOOXXXOXXO,1
OXXX XOOXOXOXXOO,0
 OXXO XOXOOXOXXO,1
OXOXXOOXXOOXO XX,0
X OX OXOX XO XO ,0
O  X  XO  X OXXO,0
 OX OOXOXOXOXX X,0
 XOXXXOO  OXOO X,1
OOXOOOOXXOOXXXXX,1
XOOXXOOOOXXOOXXX,1
 XXO  XX OOOOXXO,1
 X  OX OXOOXXO X,0
X   XXOOXOO X OX,0
 XOXO  X O XO  X,0
 OXXX XOXOXO XOO,0
XX  OOOOXXXOXOOX,1
XXXOOOOOXOOXXOXX,1
XOXXOOXXXOOXXOOO,1
XOOXXXO OX XXOO ,0
XOO XXXXOOX  XOO,0
XX XOX  XXOOOO O,1
OXXOOOX XXXOXOOX,0
OXOXXXOXOOOOXXXO,1
  XOXXOO XOXOOX ,1
XOOXOXOOOXXXXOXO,1
 OXXOOOXXOOO XXX,1
 OXOOOXX X XXO  ,0
XXXOOXOOOXX   XO,0
XX OOXO OO XOXX ,1
XOOOO XXOOXXOX X,1
X OXOX XXXOOOOOX,1
XXXOXOXXXOOOOXOO,1
O  XXOX OOX XX O,0
OXO XOO XXXXO XO,0
XOXOOOOXXOO X XX,1
OXOOXOXOX OXXXOX,0
O X OXOXOXXXO XO,0
OXXOXXXOOOOOXOXX,1
XOXOXXOXOOOXOXXO,1
XXOXXOOOOXXOOOXX,1
XOXOXOXXXXOXOOOO,1
XXOOXOXXOOXOOXOX,1
XOOOXOXOOXOXXXOX,1
XXOXOOXOXOOXXOXO,1
   OOOOO XXXXXOX,1
X  XXOO XXOOXOXO,0
OXXOOOOOXOXXXXOX,1
X XOOXO XO  OOXX,1
XXXOOXXXOOOOOXOX,1
XOOOOXOXOXOXOXXX,1
OOXXXOX XXOOXOXO,0
OX OOXOOXOXXX  X,0
OXOOXXOOXOXXOXOX,1
OXOOXOXXXX OOXXO,0
  OOOO XXOXO XXX,1
OXX  OXOOX  XXO ,0
OOXOXOOXX OX XOX,1
XOXXXXXOOOOOO X ,1
   X OXOOXXX OXO,0
XOOXO OX XOOXXXO,1
OOOXOOX XXXOXXXO,0
OXXXO OX  OX  OX,0
XOXOXXOXXOOXOXOO,1
OXXOXXXXOOXOOOOX,1
OXOX  XOXXOXOOOX,1
XXX X OOOOXXO  O,1
OX X OOXX OXOOXX,0
OXXOXOOXOX OXX O,1
XOOXOXOXXXXOOOOX,1
OOXOXXXOXOOXOXOX,1
XXOOX OOXXOOOXXX,0
XOXXXOOXXXOOOOXO,1
OOO XOOXX OOXXXX,1
XOOOOXXOXX O OXX,1
O OO OOXOXXXXOXX,1
OXXXXOXXOXOXOOOO,1
 XOOX O XXOXOX  ,0
XOXO  XO XOOXXXO,0
 OXXOXOXOXOOXXXO,0
OOXXXOOX XXOX O ,0
O X XXXX XOOOO O,1
OOOXXOXOXXXXXOO ,0
XOXOOXOOXOXOX XX,0
XXOOXOOXOOXXOXXO,1
XXOXOXOOOOXXXOOX,1
OXXXO OXOXX  XOO,0
XXOOOXOXOOXXO X ,1
  X   XO XO  XO ,0
 OXO X XXXOOOOX ,1
O  XXXOXXOOXOXOO,1
OOXXX  X OOXOXOX,0
X OO OX O X    X,1
OOX  OOOXXO XXX ,1
OOOXXXXOOOXX XXO,0
XO X X XOO XO XO,0
XOOXOXXX XO OXO ,0
OOX  OOOXXXXOOXX,1
OOXOOOXXOXOXXX X,0
XOXXXOXOO XOOOXX,0
 OOXX  XOXXO X O,0
XOOXXOXOXOOXOXXO,1
OOXO XXO XX O X ,0
OXOOXOXOOXXXXOXO,1
XOX OOXOXXOXOXXO,0
 OOXO XOXXXOOX X,0
OXOXX OXOXOXXOXO,0
OXX  X OOXOOXXXO,0
XOXOOOXOXOOXXXXO,1
XOXOXOOXOO O XXX,1
OOXXX OXO  X  OX,0
OXO OXXOXXXXOXOO,0
OXX XOOOOOXX XXO,1
XOOXXOO XXOXOXXO,0
OXOOXXOXOXXOOX X,0
XOOOXXO OXX O XX,0
OXOXXOXOX O X XO,0
XXXXOOOOOOXXOXOX,1
X OOOO OXXXXOXXO,1
X XOOOOX XXOOOXX,1
 XXX OXXOO X OOO,1
OXXOOOXOXOOOXXXX,1
XXXXOOOOOOXXXOOX,1
OXOXOXXX XOXOOXO,0
XOOXXOXO XX  OXO,0
 OXOXXOXOXOXXXOO,0
OXX OXOX X  XO O,0
XXXOXOXOXOOXOXOO,1
XOXXXXX OOOO OXO,1
XOXXXXOOOOXOXXOO,1
OXOOOOX  X O XXX,1
XOX O X O XOO XX,0
XOOOXO OXXXOOXXX,0
 XOO XXXOX XOOXO,0
XOXOOOXOXX  XX O,0
XXOXXOOXOOXOOX X,0
OXXO OOXO     XX,1
X  OXXOX XOXOXOO,0
 XX  OXXOO XO OX,0
XXOX XXOOOXOOXXO,0
OOXXO XO XXOX   ,0
XXX OOOOOOX  X X,1
OX XOXXXOOOOXO X,1
OXXXXOOOOXO X XO,1
   XOOXXOXOXOOXX,0
XXO OXXOOOOXXO X,1
OOOOXXXOXXO X   ,1
XX  OXXOOXOXOOOX,1
 XOX  XO X XOXOO,0
XOX X XOXOOXXO O,0
OXXXOXOO XOXXOOX,0
XXOO X O XXXOOXO,0
OXOOXXX OOXXOXXO,0
OXOXOXXX OXOXXOO,0
XXOXOOXXOXOOOOXX,1
O XXXOXXO OXOOX ,0
XXOOOXXXOOOXXXOO,1
XOOOXOXXXOXOOOXX,1
OOOOOXOOXXXXXOXX,1
XXOOXXOOOXX XOXO,0
OOOXXOXOX XXXXOO,0
 XXOX XOOX  OX O,0
 XXOOXXOOXOOXXXO,0
XO OXOOXXXXXOOXO,0
XOX O XX OXXOOXO,0
XXXOO XXOOXOOOXX,0
OOXOXOOXXOOXXXXO,1
OX  XXOOXXX OXOO,0
XOXXOXOOX OOXXXO,0
OOOOXOXOXOXXXOXX,1
XOXXOXXOOXXXOOOO,1
 OOOO  X X  XXOX,1
OOOO XOXX XXXXOO,1
OOOX XOXXXXXOOOX,0
OXX XOXXO OOOOXX,1
XOOXX XOOXOOX  X,0
O X   X   XO  XO,0
OOOO XX XX X XOO,1
XO OXO  XX XOXO ,0
  X XX XOXO XOOO,0
OOOXOXXXOX OOXXX,0
X  XOOXOXOXOXOOX,1
X  XOXXXOXOOOOXO,1
X OX XXOXOO X O ,0
XXOXOXOXOXX OOXO,0
 XXXXOOOXOXOX  O,0
 O OOOXOXOOXXXXX,1
XXXOX OOXOXOXOXO,0
XO OXXOXOXXOXOXO,0
XOXOO  XXOOOOXXX,1
XOOX OXXOXOO XX ,0
OXOXXOXXOX  X OO,0
XXOXOXOXXOOOOXXO,1
XXXXOXOOXOXOX OO,0
XX OOXO XOOOX XX,0
OOXXOXOXX OOXXXO,0
XOXOOOXXXOXX OXO,0
OXXXOO XOOXOOXXX,0
XOO OXOOO XXXXOX,1
OOXXO X  XOX XO ,0
   X X OXOO O X ,1
  XO  XO OX  X  ,0
OXXOOOOXXOXOXOXX,1
 XOOOOX XXOXOXOX,1
  XOXXO OXO XOX ,0
XXOOOXOXOOX  OXX,1
O X XXXXOOOOXOXO,1
XX OOXOO XOXXX O,0
XOOXXOOXX   XXOO,0
 XXO OX OX XXOO ,0
XOOOXXOXOXXOXX O,0
OXXOXOXXOXO OX  ,0
OXXX XXXOO OXOOO,1
 OOOO XX   OXX X,1
XXXXOOXOOXOOX XO,0
 OOXXXXOXXO  XOO,0
XOO OOOOXXXXXX O,1
OO XOOOXXXXOXXXO,0
OX OOX OXOXOX XX,0
XXOXX OOX O X O ,0
XXXXXOXOOOOXOOOX,1
OXOOXOXOOOXXOXXX,1
 XXO  XOXXXOOOO ,1
XOXXXXOOOXXOO XO,0
O  X OXOOXX   X ,0
 XX XOOOXOXOXO X,0
XXOOXXOXXXOOXO O,0
OXXOOX   X OX XO,0
OO XXOOXO X XXOX,0
OXOXXOOXXO XOXXO,0
XXOOXOXXOOXXOOOX,1
 OOOOX  XX    X ,1
O OX   XO XO XX ,0
X X OXOXXOOXOXOO,1
XXOXOOOXXXXOOOX ,0
OOXXXOOXO OXXXOX,0
OOXXXOXXOOXOXOX ,0
OXOOXO OXX OX XX,0
OOOXXXOOXOOXXOXX,1
O X X X XOOXOXOO,1
  XOOXX XOOOOXX ,1
XOXXOXOXXXOOOOOX,1
 OXOOOX   XX XXO,0
OXOXOOOXXX XOXXO,0
XXOOXOOXOXXOXOXO,1
XO X  OXOXXOXOOX,0
XOOOXXX OXXOO X ,0
XOXOOOOXXX XXO O,1
XOOOOXXXOXXO O X,1
OXXOOOXX XX X OO,0
XOOOXXXXOXOOOX X,0
XXOOOOXXOXOXOXOX,1
OO X  OX   X   X,0
XXOOOOOXXOOXXXOX,1
XOXXOOOXOXOOXOXX,1
O OXOXOXXOOXOXXX,0
OOXXO XXXOXOOOXX,0
 OXO OXOX XOXXOX,0
OXXXOOXOOXOXXOX ,0
OOOXX X O XXXXOO,0
XX XX  XOOOXOOOX,0
X  XO XOXX OOOOX,1
XX OOXO OXOO XXX,0
XOXXXOXOOXX OOXO,0
XO O XX XOOOO XX,1
OOOXXXOOOXOOXXXX,1
X     OOOOOXXX X,1
XOOXOOXOXXXOX XO,0
X  XO X OXOO XXO,0
OX  XO OX   X   ,0
OO XX XOX XO OX ,0
OOOXXXOXXOXOXOOX,1
 X XOOXXXOOXO OX,0
  XXXOOXXOX OOXO,0
XOOOX  XX OXXXOO,0
   XO OXX OXXOOX,0
XOOXO O XOOOXXXX,1
OXOOOOXXXXOOOXXX,1
OXXXXOXOXOOXOOXO,1
XOOOOOXOXXOXOXXX,1
XXOOXXOXOOOXXXOO,1
XOOXXXXXOXOOOOXO,1
OOXXXXOXXXOXOOOO,1
XOXOOXOOOOXXXXXO,1
XXO OXXO  OXOO X,1
XO X OOXOXOXXXOO,1
OXOXXXOOXOOXOOXX,1
OOXXOO XXOXXXOOX,0
XXXXOXXXOOOOOOXO,1
 OXO XOX X  X O ,0
XXXOOOOOOXOOXXXX,1
 OXXXOXXOOXOOXOX,0
XXOO OXOXXO OOXX,1
XXOOOOOOXOOXXXXX,1
OOOOXXOXXOOXXOXX,1
OOXOO X X XX  XO,0
X  XOOOOXXOOXOXX,1
XOXXOXOXOXXXOOOO,1
OOXXOX  OXOX X  ,0
O OXOOXOXOXOXXXX,0
OOXOXX XOXX XO O,0
OXOOXXXX OXXOOOX,0
XXOX OXOOOO  XX ,1
XX OOOO OXXXOXOX,1
OXXXOXOOXOOXXOX ,0
XXO XOO OXOOXXOX,1
  XOXOO OOXOXXX ,1
 OOXXXOXOOXXOOXX,0
 OOXOOOOXOXXX XX,1
 XOOO OXXOXXOXXO,1
O OXXXOXOOXXXOOX,0
 OXOOOXXXXXXOOXO,0
O XO X O XX OXOX,0
XOX OOXOOXXOXOXX,0
X OXXXXOOOXOXOXO,0
 OXOXOXOXOXXXOXO,0
OXOXX OXOXOXXOXO,0
OOXXOX OXX O XXO,0
OXXXOOXXOXOXXO O,0
   OX OX O XOX  ,1
OXOOXO XXXOXXO  ,0
XO XOOXX OXOOXX ,0
X OOXXO XXO XO  ,0
OXXOXXXOOOOOXXOX,1
XOXOX XO X O XO ,0
XOXO OXX X OXOOX,0
XOXOXXOOOOXXXOXO,1
OXOXXOXOOXOOXXX ,0
XOXXXOOOXXOXOOXO,1
XXXXOOOOOOXXXOXO,1
XXOOOOOXXXOXOXXO,1
  OXOXOX OX  X  ,0
X X  X X OXOOOO ,1
 OXOXXOOOXOXXOXX,0
X OXXOXXOXXOXOOO,0
   X XXOOXXOO XO,0
 OXOXOXOOOXXX X ,0
OOXXXOXXXX OXOOO,0
 O XXOOOOXXX O X,1
  OXOOXXXX O X O,0
OXOOXOO XXXXXOXO,0
XXXOXOOOO XOX OX,1
OOXOXOOXXXOOXXOX,1
O OXOXXOOXX OX X,0
OOOOXOOOXXXX XX ,1
XXXOOOXOXXXOO XO,0
  XOOOX  X  OXX ,0
XOOXXOXXXXOXOOOO,1
XOXXX  XOOO X OO,1
OXXX XO XXOOX OO,0
OX O XO XXO OOXX,1
X OXOXXX O XOOOX,0
XX XOXXOXOXOXOOO,0
XOOOOXXOXXOOXXXO,1
OXOOXXOOXO XXXOX,0
XOOXXXOXOXOOX OX,0
XOO OXOOX    XX ,1
 XXOXOOXOXO XXOO,1
O XOXXX XOOXOXOO,1
X XO  XXO OXOO X,0
OOXX X OXOOXX XO,0
X OX  OX OXOOX X,0
X OOXOXOXOOOXXXX,0
XXXOOXXOXOO XOXO,0
  OXXOOXXXXOXO O,0
X XOOOOOXOXXXX O,1
OOX XOOOXXXXXO O,1
OOXXXXO X OOOOXX,1
XXOOXXOXXXOOOOXO,1
XOOXOXOOXOXOXOXX,1
OOOXXXOXOXOXXXOO,1
XOOX XOXOOXOXOXX,0
XOXXOOXOXOXOOXX ,0
  X OXOOX OXOOXX,1
OOXOXXOXXOXXOOXO,1
OXO XXOXOXOOXOXX,0
XXXXOXOXOOOOOXOX,1
OX XOXOX  XOOOXX,0
XX OOXOXXXOOXO  ,0
XXX OXOOX O X  O,0
XXXOXOOOOXXOXOOX,1
XO XXXO OX OXOOX,0
XXO OX  OXOOOXXX,0
O XXO XOX X  OXO,0
OXXXXO OX OXOOOX,1
XO XOOOO O X XXX,1
O X OXO  XXO OXX,0
OXOX  X XXOXXOOO,0
X X OXO X O X  O,0
OOXO XO X OOXXXX,0
XXXOXXOXOXOOOOOX,1
XOOOOXX  XOXXXOO,1
XXXXXOXOOOXOXOOO,1
XX XOOXX XXOOOOO,1
XOOXXOXXOXXXOOOO,1
XX XXO OX OOOOX ,1
OOX OOX XOXX  X ,0
  X X O  XOOOOXX,1
XOXOOXXOOXXX OOX,0
XXXOXXXXOOXOOOOO,1
XOXXOXOXXOXXOOOO,1
OOXOXOXXXXXOOOX ,0
XXXO X XOXOOOOOX,1
OXOXXOX OXXXOOXO,0
XXOXOOXOOXOX XOX,0
OXOXXX OOXXOXO  ,0
XXOXX OO OXOOX  ,1
XXXXO X OXOOOOXO,1
 OX OX  XOOOX XX,0
XO   XOOOOXXX OX,1
 XXOOXX   XOOXO ,0
OXOOOOXXXOOXOXXX,1
XOXXOXOOXXOXOOOX,1
XOOOXXOXXOOXOXXO,1
XO O  OXOOXOX XX,1
OOXOOOXXXXXX XOO,0
XXXOXOXX OOXOOOX,0
OOXOOOXXXXOX   X,0
 XOXX O XX OOXO ,0
OOXX  OXXOOXOX X,0
OOOOOXXXXOOXXOXX,1
OXOOOOXOXX XOX X,1
XOOXXOOOXXOX XOX,0
XOXOXXXXXXOOOOOO,1
XXOXOXOXXOOOOOXX,1
OOOOXXOXOXXXOOXX,1
OXXOOXOXOOXXXOOX,1
OOXOOOOX  XXXXXO,1
OXOXOOXX OOXOXXX,0
OXXOXXOOOXX XXOO,0
XXOOXXOOOXO XOXX,0
 XXXXXOXOOOOO XO,1
OXXOXO OXOXOXOXX,0
  OOOOX XXX  XO ,1
XOOXXXXOXOOOOXOX,1
XO OXXXOXXO X OO,0
 XXXOXX OXOOOOOX,1
OXOXXXO XOXOXOXO,0
  XOOXOOXX  X OX,0
O X  X  OX OX OX,0
XOX XXXOOXOOXXOO,0
 OOXXXOX XXO XOO,0
OOOOXXXXOOXOXXOX,1
XXOXXXXOOXXOOOOO,1
OXXXXOOXOXOX OXO,0
 X  XOOOOX X    ,1
XXX X OOOO OXOX ,1
XX OXX O XXOOOXO,0
XXXOOXOOXOXXOXOO,1
XOOOOXX OXXX OXO,1
OXXOOXX XOO XX O,0
OXXO OXXXO XO XO,0
OOOXO OX XX XX  ,0
OOX OX   X O XX ,0
XOOXX OX  OX OX ,0
OOOOO X XXX X OX,1
 OOX OX OXX  XXO,0
 XXOOOXXXXXOOXOO,0
O OO O  OXXOXXXX,1
O XXOXOO XXXOXO ,0
OOOXXXXXXOO XOOX,0
O X OOOOX  XX  X,1
XXXOXOOO OOXO XX,1
OXX  X   X OOXO ,0
X XOOOXXXXOXXOOO,0
 OX XX  X XOXOOO,0
XXXOOOXOOXOXX XO,0
OX O  OXXO XO X ,1
 XO  X OOX  X OX,0
XXXXXXOOOO OXO O,1
XOOOXXOXXOOXOOXX,1
XXOOXXXXOOOOOXOX,1
O  XXOOXO XXXXOO,0
O X  XXOXOXXOXOO,0
 OOXOXOO XXXXXOO,1
XOOXXXOOXOO XXXO,0
 OOXOXOO XXOOXXX,1
 XXXOOXOOOOXXOX ,1
OXOXOOXXXOOOXOXX,1
XOOXX OXOXXOXOOX,0
 XXXXX OOXOOOX O,0
XOXXOXO OXOO XX ,0
 X OXOOOXXXXO XO,0
XXOOOOX  X  OXXO,1
XOXXOOOOXOOXXXXO,1
OOX  OO XXOOXX X,1
XXOOXXXXOOOOOXXO,1
X O XXOXXOXOXOO ,0
XOOXOOXXXXXO XOO,0
OOOOXXXXOXOOXOXX,1
XOX OOXXOOX O XX,0
OOOXX OX  OXOXXX,0
OXX OOXXXOOXOXXO,0
OOOXXX XXX OOOOX,1
XO OXX   X XXOOO,0
O X  XX  XOOOO X,1
XXOOOXXXOXOXXOO ,0
XXXXO OOOOX     ,1
OOXXOXXXOX OXOOX,0
OOOOXO XX   XOXX,1
XXOXOXXOOOOXXOOX,1
XX OOXOO XX X O ,0
OOXXXOX OXOOX X ,0
XOXOOXOXXO  OXOX,1
XOX OXXXOOXOXOXO,0
XXO X XOOOOXOX  ,1
OOX  OXXOXXXOXO ,0
 XXXOXOOO OXOOXX,1
OXOOOOXOXOOXXXXX,1
XXXOOOXOXOOXOXXO,1
OOXXXXOOOOXXOXXO,1
O XOXXXXOOXOOXXO,0
XXOOOOO XXXOX XO,1
X XX  OOOO O X X,1
XXOOOXX  XXOOXO ,0
OOOOXXOXXXOXOXXO,1
OOXXXOOXXXOOOXXO,1
X XOXOO XO  X   ,0
O OX X X OXO X  ,0
OOXOXOXXOXOXXXO ,0
 XO XO OXO XXXO ,0
OOXOXOXX X X OXO,0
  OX  XO XOXX  O,0
  OOXO  O XX X  ,1
XXOXXOOXXOXOOOOX,1
XXXOOX XOXOOOXXO,0
X XX X OXOOOOXO ,1
OXOOXXX XOOXXOXO,0
OXOOOX OXXXX  OX,0
OOXOXXO OO XXXOX,1
OOXXXOOXXXOXXOOO,1
X XXOOXOOXOXOXOX,0
OXX XX O XO X OO,0
XO XXXOXOOXOXXOO,0
OXOOXXOXXX XXOOO,0
XOOOXXOXOXOXOXX ,0
OXOXXOOX OOXXXOX,0
XXOOXO  OX X O  ,1
XX   X OOOO X OX,1
OOOOOOOXXXXOXXXX,1
XX X  OXOOXOO X ,0
XOOXXOOOXX XOXXO,0
OXX X XOOXX XOOO,0
OO XXO XX XXOOXO,0
X O XXXOXOX OOXO,0
XX X XOXOOXOXOOO,1
OXOO XXOOOXOXXXX,0
OOX O XXX XXOXOO,0
XXOOXXOOOXXXOXO ,0
XXXXOOOXOOXXXOOO,1
XXX OOXXOOOXXOOX,0
XOOXXOOXO XXXOOX,0
XOOOOXXOXXXOXOOX,1
OXX OXO X O X   ,0
XXXOOO OXOO XOXX,1
  XX OOX O XO X ,0
 OXXOXOOOXXX  XO,0
XXOOXXOXXOOOOXXO,1
 X  X O XOO XOX ,0
 X X OO OXOO XX ,1
XXOXOOXXXOOXXOOO,1
X XOOOX OXX XOXO,0
 X X XOOXXOO X O,0
 XOXOOXOOXX OXX ,0
XXOXXXOXOXOXOOOO,1
XXOOXXXOXOXXOOOO,1
O  X   X  OX  XO,0
OOOOXOXOXX XOXX ,1
OXXXOXXOOXXOOOOX,1
OOOXOOX XXXOOXXX,0
O O  XXO XOXOOXX,1
 OOXXOXXOXOOOXXX,0
XOOXO XOXXOXXOXO,0
XXXXOOOOXOOXXOXO,1
X OXOXX XOOXOXOO,1
XOXXOOXOXXXOOOOX,1
X X OX   X OXOO ,0
X OXOOXXOXXOXOOX,0
XOOX  XXXOXO XOO,0
XXOXOXXOXOX OXOO,0
XXOXXOOXOXOO  OX,1
XOOXXXXOOOOX X O,1
OXOXXOXOX XOXOOX,0
 XX  XXOOOO XXOO,1
XXOXOOXX OOXOXXO,0
XX XXXO OO  XOOO,1
XOXXOO XOO XXOX ,0
XOXOXOXXOO XOOXX,0
OXOOXOXXOXXOOXXO,1
O XOOOXOXXXXXXOO,0
OOOOXOOXXXXXXOOX,1
XOXOOXXXX OOXOOX,0
OOOOXXXOXXOXXOOX,1
 X OOOO XOOXXX X,1
 OOX O X XOXX XO,0
XXXO OXXOOXXOXOO,0
XXXOO XOOXXXOOOX,0
XOOXOOOXXXXO OXX,0
 X OOOOXX  XOXXO,1
OOOOOXXXOXXXXOXO,1
X OOXXOXOXOXOOX ,1
O XOOOXXXXXOXOOX,0
OOX  XXOXO XX O ,0
XXXOOXXXXOOXOOOO,1
OXXOOX OXXOOXOXX,0
XOOOXX OX  OX  X,0
OOOXXXXXXX OOXOO,0
XXXOOXOOXOXOOOXX,1
OX OXXXOOXXOOXOX,0
OOXXXOOOOOXXXOXX,1
OXXXXOO XXOOOXXO,0
XX OXX OOOO OXX ,1
XXXOX OX XO OOO ,1
OOXXXXXOXOOOOXOX,1
XOXOOXXO OXOXXOX,0
XOOXXXOXOX XOXOO,0
 XOXO OX   XOXOX,0
XXOOOOOXXXO  XOX,1
X O XXXXXOOXOOOO,1
OOOXOOXOXOOXXXXX,1
X  O OOXOXX O  X,1
XXOXXOOXOOXOXX O,0
O XX  X OXOOX OX,0
XOOOOOXXXXXOXOXO,1
XOXXXOOOXXO XXOO,0
OOXXX XOOXOXOXOX,0
OOOXXOXOXXOX XXO,0
OOOXX XO XX OXOX,0
O XO OOOOXXXXOXX,1
OXOXOXOOXOXXOOXX,1
X X XXOOXOXOXOO ,0
 OOXOO XOXX XXXO,0
XOXOXOXOXOO XXOX,0
 XOOXOOOXOXXO XX,1
XOXXOOOXXXOXXOOO,1
OOOXXOOOXXX X XO,1
XXX OOX OOX OXOX,0
XOOXXOO XOXOXXXO,0
  OXX XOOXOXXOXO,0
XXOXXXOO XOXXOOO,0
 X OOXXOOX OXXXO,0
OOOXXOOXXX XOOXX,0
XXOOXOXOXXXOOOOX,1
 OX OX   XOX XO ,0
OOOXXOOO XX XXOX,1
OXOXXOXXXOXOXOO ,0
XX OOXOXOXOOOXXX,0
X XOOXOO XX  OX ,0
 OXOX XX OOXXOOX,0
 OOXXXXXOOXOOXXO,0
OXXOOOXX XOX  XO,0
OOXOXOXXOOOXX XX,0
 XOXOOXO  X XXO ,0
   XO  XOOXX  OX,0
XOOOOXOXXOXXXOOX,1
XXOXXXOXOXXOOOOO,1
OOXX XOXOOXXOOXX,0
OOXXXOOXOOXXOX X,0
 O O XOXXXOXOO X,1
  XX  OXO X O XO,0
OXOOOOXXXXXOOOXX,1
 OX X  XOOXXXOOO,1
XOXOOXXOO XOXOXX,0
XOOXXXXO XOOXOXO,0
XXOXOXOOXOOXOXXO,1
OOXXXXOOXXOXOOOX,1
 XOOOOXXX  OOX X,1
X O XXXOXXO OXOO,0
OXXXOXXOOOO X OX,1
OXXOXOOXOXXOOXOX,1
OXXOOOXXXXXOOXO ,0
XOXOOOOXO O XXXX,1
  XX O XXOOX OXO,0
XO OXXO XO XXOOX,0
OOOOXXXOXOXOXOXX,1
O X XO XXOOOOXX ,1
 OOXOXXOXXXOOXOX,0
OOX XXOOOOXXXX O,1
XOXOXOXXOOXOXXO ,0
OOXXOXOXXX OXXOO,0
OXOOOXX OX OXX X,0
 XXXOOOOXO XXOOX,1
X   XX XOOOOOOXX,1
O XO  X X X  XOO,0
OXOXXO OXOXXXOXO,0
OOOXX X XX O X O,0
XXOOX  XXX  OOOO,1
X OXOXOXOOXOXXXO,0
XXXXOOOXOOXOO XX,0
OOXOXOOXXXOOXOXX,1
XOX OOXOXXOXXO  ,0
OOXOOOOXXOXXXX  ,1
OOOO   XOX XXX  ,1
X OOXO OXX OXOXX,0
OXOOOXOXXX XOXXO,0
XOOXXX O XO XOOX,0
OXXOXXOOXXXXOOOO,1
XOXXXXOX OOOOOX ,1
XXOXOOXO XXXOOOX,0
OXOOOOXXX  XXOOX,1
 OXX OXOXX   XOO,0
XOXOXXXOXXOXOOOO,1
XOXX   XXOO OXOO,1
OXXXXXOOOXXXOOOO,1
XOX OXXXOXOO X O,0
OXXOOXXXOOOOXXOX,1
OXOXOOXXXXOOOX X,0
XXOXXOOOOXXXOOOX,1
  X  OXX OXOOOXX,0
OXOOOOXOXXOXOXXX,1
XXO XO OOOOXXX  ,1
XOOOXOOXOXXOXOXX,1
OXO XXOXOXXXOOXO,0
XOXOXOOXO XOXOX ,1
XXOXOXOXO OXXOXO,0
O OXXO XOXX XXOO,0
OXXXOO XOOXOXXOX,0
OXOOXXOOXOXXOOXX,1
OOOXXXOXXOOXXXOO,1
OX OX XXXOOOOXXO,1
OX  OOOO  X  XXX,1
OXXOXXOOXXXXOOOO,1
 X O OO OXX  X  ,1
OXOOXXXX XOXOOXO,0
OXOOOOXX X  OX X,1
OOXXOOOOXXXOXOXX,1
O  O XOXOO XX X ,1
OXXO XOOXXOXOXXO,0
XOOOXO  OXO X XX,1
OOOOOXXOXOXXXOXX,1
XXOO OXXOXOOXOX ,1
XO X OX XOX OXO ,0
OXOOXOXXO OXXXO ,1
 X O XOXXOO OXOX,1
OOOX XXX XXOOOX ,0
XXO OX XOXOOX OX,0
 X OXXOX XOOOXOX,0
XOOO O  O X X XX,1
 XOOXXXX OXOOOX ,0
X OXOOXOXOXOXOXX,0
OXXXOXOXOOXO XXO,0
 X  X   X O XO O,0
OO XOXX XOXXXOO ,0
O OOOO X  X  XXX,1
OXOXXXXXOOOXO XO,0
XXOOOXXOXOOXOOXX,1
XOXOOOOXXXOOOXXX,1
 XOOOO   XO XX X,1
  XXOX O OOXO X ,1
OXXXXOXOOXOXOOXO,1
OX OXXXXOXXOOXOO,0
XXO XOOXO OOXOXX,1
XX XOO XOOOO X X,1
XOO  OXOXOOXOXXX,1
XXOOOOOXXOXOXX  ,1
OOOOOOXXXXXOOXXX,1
OXOOXOXXOOXXOOXX,1
XXOX OOXXXXOOOO ,1
OOXO XXX XOXOOX ,0
X O XX  X   XOOO,0
XOXOXOOOOXXXXXOO,1
 X  XXOOXOO X   ,0
OX X  XXXXOOXOOO,0
OXOOXOX O XXOXXO,1
 XXOXXXOOOO XOXO,1
XX X XXO OOOOX O,1
 O OX O XOXXO X ,1
X   OOOOX OOXXXX,1
 XX XOOOOOX   X ,1
OX   XO XXO XOXO,0
OOX OXXXX  OX  O,0
XXOXXXOXXOOOOXOO,1
OXOXXOXX OXOXOXO,0
XOXXOXOOOXXXOO X,0
XOOXOXOXOOXOX XX,0
O  OXXOXXXXXOOOO,1
OOXXOOXOXOXXX OX,0
OO XXOXOOOOXXX X,1
OXO XXXOO XO XOX,0
XXOXOXOOXXXXOOOO,1
XOXXXOXOX OOXO  ,0
XOO XXXOXXOOOXOX,0
X OXX XOXOXO XOO,0
O XX  OXOOXXXOOX,0
OXXOOOXXXXXOOOOX,1
OX XOX  XO  X O ,0
XXXXOOOOXXOXXOOO,1
 X OXO XXO  X  O,0
XXOOOXO XXOOOXXX,0
OOOOXXXXXXOXOOXO,1
X XXX   OXXOOOOO,1
OX OXOX X  OXX O,0
OOXOOXXXOO XXXOX,0
O OOOOX  X XXOXX,1
OOXOOXXOOXXXOXX ,0
O OXXXXXO  XOOOX,0
XXOXXOXOOXOXX OO,0
 XXO OXO OXX  XO,0
XXXO XOX   XOOOO,1
XOXXOXOXOOOOOXXX,1
 OOXX XOXXXOXO O,0
XX XXOXX OOXOOOO,1
 OXXO XXOOX OXXO,0
XXOX OXOXXOOXXOO,0
XXOXOOOOO XXX OX,1
OOXOOXOXOO XX XX,1
 OXXXOX  XOOX  O,0
OOOXX OOXXO XXOX,1
 X X OXX O XOOOX,0
OXOX OOXOXXXOXOX,0
XOOXOOXOXXX XOXO,0
 XOXXOOOXOXXOO X,1
OOOXXOXXO XOXXOX,0
 OOXXXXOOOO XXOX,1
XOXOXOXOXOOOOXXX,1
XOOXXXOXOOOX XOX,0
OOOOXXXOXOXXXOOX,1
XOXOXXOXOOXXOOOX,1
X OOOOXO  X OXXX,1
O OOXOXXO  XX OX,1
 O XXXOXOOXXXOOO,1
OXOOOOX  XXXO  X,1
 OXOXOXOXOX  XOX,0
OOXXXXOOOOXXOXOX,1
XX O  XX OOXOXOO,1
 OOXOXOOXOX XOXX,1
X XXXOOO XOXOO  ,1
XOOXOXX XOXXOXOO,0
 OXOXOX  OXX OX ,0
XXXOX OOXO OOXOX,1
XXOX OOOOXOOX XX,1
XXOXXOXXOOOOXOXO,1
OOOOXOO XXXXOXX ,1
 X OOX XOX OXXO ,0
OXXOXOXOXOOXXOX ,0
XOX OXO  XXO X O,0
OXOO XX OOXO XXX,0
OOXOXOXXXO XOXOX,0
XXOOXOXOXX OXOXO,0
XXOOOXOXOXXXOX O,0
X X XOOOOXO   X ,1
XXXOOOOXOXXOXOXO,1
O   XXXO OOXOXXO,1
  OX  X XX O XOO,0
XXOOXXOXXOXOXOO ,0
O  XOXXXO XO  XO,0
XOXX  XO XX OOOO,1
XXOOXXXOXOOXOXOO,1
XXOOXXO OOOXXX O,1
 OXOOXOXOX XXXO ,0
OOOOO  OX XXX XX,1
XOXO X  OXX X OO,0
XOOOOXOXXOXOXXOX,1
OOOXOOXXXXX OOXX,0
X XXXXOOOOXOOOX ,1
XX O XX OXOOOO X,1
XXX OOOOXO X  OX,1
O X OXOX X OXOX ,0
O OXOXOXOXOXXXOX,0
OXXX XXXOOOOXO O,1
XXXOXXOOOXXOOOX ,0
XOXO OX X X OXO ,0
OOXX OOXXOXX XO ,0
XOXXXOXOXXXOOOOO,1
OOOOXX XXOXXOOX ,1
XOOXOOX OXXXXXOO,0
OOOX  X  XOX X  ,0
XOXOXOXOO XXXOXO,0
XOOOXOXXXXOXO XO,0
OXXOOXOXOOXOXOXX,1
 O X OXO XOOX XX,0
 XXXXOOO XOXOOXO,1
OOO  XOOXOXXXX  ,1
 X O XO XOX O   ,1
XOOXO  XO OXOXXX,0
OOXOXXOXXXOOOX X,0
 OX X X  OOOO XX,1
XOOXOXOOOXXOOXXX,1
O  X   XOXX OX O,0
OXXX OOXXOXXOOOX,0
OXXOXOOXOXOXOXOX,1
 XO XOOOO XXXO X,1
  XXOOXOOXXO OXX,0
X XXXOOOXO OXO X,0
  OXOOXX OX XOX ,0
 OOOOOOXX XXOXXX,1
XXXXXOXO O OOOOX,1
XXOXXOOOXXXOOOOX,1
XOXXXOXOXOO OO X,1
OXOXX XO OXXOO X,0
 X  OXO XOOXXXO ,0
 OX  OXXXXOOOO X,1
 XOOXXXXXOXOOOO ,1
XOOOX O XXXXOO X,0
OXOX X   X  XO O,0
XOOXXOXOX OOXOXX,0
OO X X XOO XOXX ,0
OOOOXOOXXXOXXXOX,1
OOXXXOOOX XOXO X,1
OXX  OOOOXXX    ,1
XX  X  OX OOOOX ,1
 XX OOOX XOXX OO,1
O X XXOOOX XOXOX,0
XX X XXOOOOXXOOO,1
 X XXX O  O OOOX,1
O  XOOXX X XX OO,0
 XX OX OXOX XO O,0
OXOOXOXXOXOOXXOX,1
XXXXXOXOOOOOOOXX,1
 X XOX  X OOXOXO,0
X OO O XOX XOOXX,1
 XXX O OXOO OX  ,1
X OXOXXOXOXXOOXO,0
XXOXXXOXOOO  XOO,1
OXOOXXXOOOOXXXOX,1
  OX   XO  X O X,0
OXOXXXOXXOOOXX O,0
XXXOX  OOOOOXXOX,1
OXOOOXOO XXXXXOX,0
 X  OXX  OX OOX ,0
XOOXOXOXXOXOXOOX,1
XOXOOXXX X OOXO ,0
 XXXOOOXO X OXOX,0
OOOXXXXXX XOOOO ,1
XOOXOOXXX OXXOOX,0
   O  O OO XX XX,1
 XXO  XX OOX OXO,0
X OOXXXOOOO  XX ,1
XXOXXOOXXOOOOXOX,1
 OOXOXOOXX O XX ,1
 OOXO XXXXOOXX O,0
O OXX OOOOXXOXXX,1
O OXO OXX XXOXXO,0
XOOOOOXOXXOOXXXX,1
OOXOXOXOXXOXXXO ,0
XOOOXOXXOXXXXOOO,1
 XXOOXOXOOXXO OX,1
XXOXX XOOXO  XOO,0
 XO X  OXO  XXO ,0
XOOX O X X X OOX,0
XOXOOXX OXOX XO ,0
 X O XXOXOO XXO ,0
XOXXXOOOXOOXXX O,0
  XX O XXOOXOXOO,1
XOXOXOXOOOXOXX X,0
XOXOXOXXOOOOXXOX,1
OXOXXXXXOOXOOOOX,1
XX  OXOOOXXOXOX ,0
 OXXO XXOXXOOOOX,1
XOOOXXOOXXOOXXX ,0
XOXOXOOOXXXXO OX,0
XOOOOX OX  X  X ,1
OOOOXXOXXOXOXOXX,1
XXX O O XXOOOOX ,1
  XXOO X OXO X  ,0
OXO XXX OXOOX XO,0
O XXXXOOOXXOXOXO,0
 OXOOOO  XX XXOX,1
O X XXX O XXOOOO,1
OXOOXXXOXOX XOOX,0
 XOX OXXOXX OOXO,0
 OX OXOXXXXO OXO,0
OX OOXXO  XOXOXX,0
XOXOO X XX OX O ,0
OXX XXXOO XOOXO ,0
XOOXOXXOXXOXX OO,0
 OX OOXOXOOXOXXX,1
XOXXOXOOOOOXXXOX,1
 O XOOX OXOXXOXX,0
OX OX  XXO  X  O,0
 XOOOXX OXXOX   ,0
OOOOXOXXOXXOXXXO,1
   XX XX OXOOOO ,1
OOOX X XXO XXOOX,0
  XXO  X OXOOX  ,0
XXXOOXXOOXXOOOOX,1
XOXOOXXXXXOXOOOO,1
 O XOO X XXO OXX,0
OO XXOX OOXXX XO,0
  XO  O XO XOOXX,1
O XX  XO OXXOX O,0
 OXOXXOOXOXXXOXO,0
OOX OXOOXXXXOXOX,0
XXOOOOXOOX OXX X,1
  XXOXOOXX OXXOO,0
 XOO XXOOXX X  O,0
OOXX OXX XO OXOX,0
OXOO OOXOO XXXXX,1
X XXXOOXXXO OOOO,1
 XOXOO X OOOX XX,1
XOXXOXOOOXOOX XX,0
OX XOXX XOXOX OO,0
XXOOOX XOXXOOOXX,0
OX XOX OXOO XXOX,0
XOOOOXOXOOXOXXXX,1
 OOX OOXXXXXOX O,0
OXOXXOOXXOOX XOX,0
OOXOXXOXXXXXOOOO,1
XOOOOO XX  X   X,1
XOXXXXOOOOXO O X,1
XOOXOXOOXXOOXOXX,1
 XOX OOX  X  X O,0
OXXXOOOXXOOXXXOO,1
 XX OOX XXOOX O ,0
O XOOOOOXXXXX XO,1
 OXOX X  X  XOO ,0
X XOOOO X  X  XO,1
XXXO OO XXOXOOXO,1
X XO XO OOX  X O,1
OXOOXXOXXOOOXX X,0
XXOXXXOOOOOXOXOX,1
XOO XXOOOX  XXXO,0
XX OOOO  X X  XO,1
O OX OX XOX   X ,0
XXXOOOXOX XOXOXO,0
OOXXX OXOOXXXXOO,0
XXOOOOXXOOXXOXOX,1
OXXXXO XOOXOXXOO,0
XOO XXOOOXOXX  X,0
  XO XO  XO OX X,0
O XO XOOXOX XOXX,0
XOX XXOOOOOXO XX,1
 XOXXOOOOXX  XO ,1
OOOXOX XOX X OXX,0
OOXXO XXXOXXOXOO,0
OOOOXXOOXXOXXXXO,1
XXXOXOOOXOXXOOOX,1
OXX  X  X XOOOO ,1
OXOOXXXOOOOXXXXO,1
OX O XOXXO  XXO ,0
XOXOXX  OXXO OXO,0
 XO XXOO X  XO  ,0
XOXOXOOOOXXO XX ,1
XXOXOOOO XX XOOX,1
OX XXXXO XXOOOOO,1
  X O XO XXO OX ,0
XXXOOOOXOXOXOOXX,1
X XXX OXXOOOOXOO,1
 XOOOOOXXOOXXXX ,1
OOXXOOXXXOX OXOX,0
XXO OOOOO XXXXXO,1
OXOXXOXXOOOOOXXX,1
XXOOXXOOXOXXOXOO,1
OXXOOOXX XOXOOXX,0
XXXXOXOXXOOOOXOO,1
OO XOXXOOX XOX X,0
 O X O XX XO OX ,0
XX XXOOOOXXOOO X,1
XXXX XOOXOXOO OO,1
XXXOXXOOXXXOOOOO,1
OOX  X XXXXOXOOO,0
O  X XXXOOOX XOO,1
XOOX OX XXXOOOOX,1
   OXXO OO X X  ,1
OOOOOXXXXXXXOOXO,1
XOOXXXXXO OXOOOX,0
 OXOOX  XX XXO O,0
 OOOOXXX X X OXO,1
XOXOOXXOOOOXXXXO,1
OXOXX XOOOOXXX O,1
XOX XO OXOOXX OX,0
OOOXXOX XOXXOXOX,0
OXOOXXOXOXX OX  ,0
OOOXXOX OXO X XX,0
XOOOXOOXXOXOOXXX,1
XOXX XOOXOXOXOXO,0
OOOXOXOOOOXXXXXX,1
O X OXO  X  XXO ,0
XOXOOXX XOXOOXOX,0
XOOOO XXXOXOX OX,1
OOXXOOXOXXOXOXX ,0
X XXO  OXOO OXOX,1
 XXO OXXO OX OX ,0
X XOOOOXXXOOXX O,1
 O XXXOXOXXXOOOO,1
O OXXO XO OXXOXX,0
XXXOXXOOXO OO XO,1
 XXX O O OO O XX,1
OOXX XO  XOOXXOX,0
X OXOOXXXOXOXOXO,0
  XOOOXX O XX XO,0
XOX XXX OOO  XOO,1
XOX  XOOOOOXXXOX,1
OXX O X O XO  X ,0
O X O X OOX  X X,0
XOOOOXOXOXXOXOXX,1
XOOOXOXOO  XXXXO,1
OOXO XXXOXXOXOOX,0
X X XOXOOOO X OX,1
OXXXOXXOXOXXOOOO,1
OOOX OOXXXOOXX X,1
OXOOXXXOOOXX OXX,0
OXXOOOXX X  X O ,0
XO XXOOOXXXO  XO,0
XXOOOXOOXXXO XOX,0
XOXOOXX OXOXXXOO,0
XXOO OOXOOO XXXX,1
OXXOOXOXOX XXOXO,0
 XOXXOXOXOOOXOXX,0
XOX OOXXO  XOOXX,0
OO X XX XO OX OX,0
OXOXOX OOXXXXOOX,0
 OXXOOXOXXO X OX,0
XOOOOO XOXXXO XX,1
 XOO OOOOX X XXX,1
OX  XOXOXOO XXOX,0
XXXOOOOOOOXXXX  ,1
OXOOOOXXXXXOOOXX,1
XXOOXXXOOOXOXOOX,1
OXXOXOXXXOOOOOXX,1
   OOOOX X  OXXX,1
 XXX  XOX XOOOOO,1
XXXOOXOOXOXXOXOO,1
XOXOOOXOXXOX XOX,0
  XOOOOXX XOOXX ,1
OOOOXXXXOXXXXOOO,1
XX XXOO X O XOO ,0
 OXOXXOOXOXXO XO,1
OXXO XXOX XXOOOO,1
OOOOXOXXXXXOXOOX,1
OXO XXO XO  X   ,0
X OOXXXOOOXOXXXO,0
OXOOXOXXOXXOX  O,1
OOXXOXOXXXXXOOOO,1
XXXOOXOOOOOXXOXX,1
XOOXXOXOOOOXOXXX,1
OXXXOXOXOOOXXXOO,1
X XXOXOXXXOOOOO ,1
X  OXOOXXX OXO  ,0
OOXO OXOOOXXXXXX,0
  X  OX  X OXO  ,0
OOXX OXOXXOXXOOX,0
OXXOO XX OX OOXX,0
XOX OOXOXXXOOOXX,0
XOXXOXOOOXXO OXX,0
O OX   X  XXOX O,0
XXXOO OX OO OXX ,1
OXXOXXOOOOXXXOOX,1
OO X X OOOO XXXX,1
XXOXOOXOXOXXXOOO,1
X OOXXOXXXOXOXOO,0
  X OOXXO  XOXOX,0
 O X  OXOXX  XO ,0
XXOOXXXXOOOOXOOX,1
OOOXXOXO OXXX X ,0
OOXXXX OX O X  O,0
OOOXXXOOOXOXXOXX,1
XXXOOOXXXOOX OXO,0
OX XOXXXOOXOXOO ,1
   XXOOOO XXOX  ,1
XOOOOXXOXXXOXXOO,1
OO X OXX XOX O X,0
XOOOOOOX  XXXOXX,1
OOXO XXX O XOXOX,0
X XX XOOOXO OX  ,0
OXXOXXOXOOXXXOOO,1
XOX XOXX OOOOOXX,1
O  XOXXXX OOOOX ,1
XOXOXXO OOXX OXO,1
OXOXXXOOXOXXOOXO,1
XO  OOOXX OOX XX,1
XOO XXOOXOXOXXXO,0
XXOOOOXXXXXOXOOO,1
OXOOOXO XXXXOXOX,0
OOX  OXO XOXXOXX,0
 O XOXXOXXXO XOO,0
O XX OX OXXXOOOX,0
XXOXXXOXOOOOOXXO,1
XOOOOXXXXOXXO  O,1
OOOXOXXOXXXXO OX,0
X XOXXOO OOOOXXX,1
XOXXOOOXXOXOX XO,0
 O XXXXXOO XOOXO,0
XOXOOOOXXXOXXOOX,1
OXXOOXXOXOXXX OO,0
OX  OOXXXOOOX  X,1
OOOOO  X X XXXXO,1
 O XXXX    XOOOO,1
XOOXOOXOXOOX XX ,1
XXOXOOOOOOXOXXXX,1
OXOXOXXOOXXO OXX,0
   OXOOOOXOXXX X,1
OOXXXXXOXOOOO  X,1
OOX   XO  XX XO ,0
XOOOX OOXX OXX X,0
 XXO  X OOXX OXO,0
OOXO  O XOX OXXX,1
O  XXXXOOX OXOOX,0
OXXOXOXOX  OX OX,0
XXXXOOX XO XOOOO,1
OXXXOOOOXXOXXXOO,1
OOXO OX OXXO XXX,0
OXXXXXOXOOXOOX O,0
XXOXOOOOOXOXXXOX,1
 OOOXXOXOOXXXOX ,1
  XO X OX OOXX  ,0
XOOXO XXOX O XXO,0
XOXOXXXOOOOOOXXX,1
XOOXXOXXXXOXOOOO,1
O  X O X   XO  X,0
O XOOOOO  XXXXX ,1
 OXOOXO  XO XXX ,0
OXOO XXXXXXOOOXO,0
OX XXOO XOO XX  ,0
OOXXOO XXOXOOXXX,0
OXOOOXXXXXOX XOO,0
OOXOO XOXOXOXXXX,0
XXXXO X OOOXOXOO,1
  OXOXXXOX OOXOX,0
XO  XOO X X X  O,0
XO XO X O XXOX O,0
 XO OX  XO XX O ,0
XOOXOXOXXOX OXOX,0
XX OXXOOXOXOOOX ,1
X  XXXOOOXXOOX O,0
X OXOXOXOXOX  OX,0
XX OXOXXXOO X OO,0
XO  XOXXOOOXXXOO,1
XXOOXOX OXOXXO O,1
XOOOOXXOXOXXXXOO,1
X   XX  X   OOOO,1
X OX XX XOO X OO,0
X X  XXOXOO X OO,0
XXXXXOOOOOX XO O,1
XXXO  O OO     X,1
XX O OO XOOXOX X,1
XOOOOXOXOXXXOOXX,1
X O XOOOX OXXXXO,0
XOXOXXOO XOXXOXO,0
X XOX OXOXOXOOXO,1
 OO XX XXOOOOX X,1
XOXOXOXXOOXXXOOO,1
XXX OXOXO XXOOOO,1
 OOXOOXOXXXXOOXX,0
XOOXOXOOX XOXOX ,1
XXX O OOXO XO   ,1
O  XXXXXO OXOOXO,0
XXXOOOXXOOXO OXX,0
OOOOOXXXXOOOXXXX,1
OXOX X   XOOOOXX,1
   X OX OOXXO  X,0
XX OOXX OOOOOXXX,1
XOOOXXXOOX OX  X,0
XOXXXO    XOOOOX,1
  XO X   XXXOOOO,1
XOXO XXOXOOXOXO ,1
OXOOXXOXXOXOOXXO,1
OOOOXXOXOXXXXOXO,1
XXO OXXXOXOOOXOX,0
XX  OXOOOXX X O ,0
OXXXOOXOOOOXXXXO,1
 XOXXOOOXXOOOXXX,0
XOX OXXO OOXOXOX,1
   XOOOOXOX  XX ,1
  XXX  O  O OO X,1
XOOOOXXOOOXXXOXX,1
XXXOOOXXOXXXOOOO,1
 XOXXOOXXXOXOOOX,0
XX XOOXOOXO OXX ,0
XXO XOOOOXX XXOO,1
OOXOXXXXXOO XOOX,0
O XXOOOOXX  XXO ,1
OXXOOXXX OXXOXOO,0
 OXXO  X XXXOOOO,1
X  OX O  OXOOXX ,1
  X   XXOOXO OOX,1
OXXXOOXOOX O X X,0
XOXOOXOX XOOOXXX,0
 OOXXOOXXOX XXO ,0
XXOOOOXOXXXOOXOX,1
XXOOXXOOXXOOOOXX,1
OX   XOXXOOOX X ,0
XOX OOOOXXX  XO ,1
X O OXOOXOXXOOXX,1
OXOOOOXXXOOX  XX,1
OX  XOXXOOOOXXOX,1
 OXO XX XO  XO  ,0
OXX XOXXOOXXOOOX,0
OO XXOOXOX X OXX,0
X OOXOOXXXXXOOXO,0
XOXOXXXOOOOOXOXX,1
XOXXXO OXOXOXXOO,0
XOOXXOOXXO XOXOX,0
